동별(1),동별(2),동별(3),2019,2019,2019,2020,2020,2020,2021,2021,2021,2022,2022,2022,2023,2023,2023
동별(1),동별(2),동별(3),인구 (명),면적 (㎢),인구밀도 (명/㎢),인구 (명),면적 (㎢),인구밀도 (명/㎢),인구 (명),면적 (㎢),인구밀도 (명/㎢),인구 (명),면적 (㎢),인구밀도 (명/㎢),인구 (명),면적 (㎢),인구밀도 (명/㎢)
합계,소계,소계,10010983,605.24,16541,9911088,605.23,16376,9736027,605.24,16086,9667669,605.21,15974,9638799,605.2,15927
합계,종로구,소계,161869,23.91,6769,158996,23.91,6649,153789,23.91,6431,152211,23.91,6365,150453,23.91,6292
합계,종로구,사직동,9815,1.23,7980,9806,1.23,7972,9636,1.23,7834,9355,1.23,7606,9273,1.23,7539
합계,종로구,삼청동,2997,1.49,2011,2909,1.49,1952,2739,1.49,1838,2642,1.49,1773,2457,1.49,1649
합계,종로구,부암동,10551,2.27,4648,10333,2.27,4552,9782,2.27,4309,9536,2.27,4201,9389,2.27,4136
합계,종로구,평창동,18816,8.87,2121,18582,8.87,2095,18329,8.87,2066,17858,8.87,2013,17578,8.87,1982
합계,종로구,무악동,8740,0.36,24278,8592,0.36,23867,8297,0.36,23047,8052,0.36,22367,7991,0.36,22197
합계,종로구,교남동,10708,0.35,30594,10634,0.35,30383,10203,0.35,29151,9994,0.35,28554,9889,0.35,28254
합계,종로구,가회동,4488,0.54,8311,4418,0.54,8181,4194,0.54,7767,4065,0.54,7528,3972,0.54,7356
합계,종로구,종로1·2·3·4가동,8446,2.35,3594,8448,2.35,3595,8595,2.35,3657,8700,2.35,3702,8492,2.35,3614
합계,종로구,종로5·6가동,5839,0.6,9732,5656,0.6,9427,5476,0.6,9127,5817,0.6,9695,5899,0.6,9832
합계,종로구,이화동,8470,0.78,10859,8111,0.78,10399,7705,0.78,9878,7631,0.78,9783,7480,0.78,9590
합계,종로구,창신1동,6079,0.31,19610,5964,0.31,19239,5631,0.31,18165,5383,0.31,17365,5331,0.31,17197
합계,종로구,창신2동,9799,0.26,37688,9503,0.26,36550,9051,0.26,34812,8796,0.26,33831,8648,0.26,33262
합계,종로구,창신3동,7271,0.23,31613,7107,0.23,30900,6733,0.23,29274,6606,0.23,28722,6520,0.23,28348
합계,종로구,숭인1동,6532,0.23,28400,6388,0.23,27774,6106,0.23,26548,6057,0.23,26335,6114,0.23,26583
합계,종로구,숭인2동,9902,0.35,28291,10178,0.35,29080,10175,0.35,29071,10509,0.35,30026,10692,0.35,30549
합계,종로구,청운효자동,12981,2.57,5051,12633,2.57,4916,12177,2.57,4738,11818,2.57,4598,11489,2.57,4470
합계,종로구,혜화동,20435,1.12,18246,19734,1.12,17620,18960,1.12,16929,19392,1.12,17314,19239,1.12,17178
합계,중구,소계,136488,9.96,13704,134635,9.96,13517,131787,9.96,13231,130785,9.96,13131,131793,9.96,13232
합계,중구,소공동,3059,0.95,3220,3011,0.95,3169,3367,0.95,3544,3578,0.95,3766,3401,0.95,3580
합계,중구,회현동,5850,0.84,6964,5757,0.84,6854,5432,0.84,6467,5222,0.84,6217,5053,0.84,6015
합계,중구,명동,3567,0.99,3603,3685,0.99,3722,3742,0.99,3780,3638,0.99,3675,3405,0.99,3439
합계,중구,필동,5020,1.14,4404,4754,1.14,4170,4679,1.14,4104,4816,1.14,4225,4971,1.14,4361
합계,중구,장충동,5628,1.36,4138,5468,1.36,4021,5301,1.36,3898,5326,1.36,3916,5462,1.36,4016
합계,중구,광희동,6284,0.74,8492,6416,0.74,8670,6340,0.74,8568,6682,0.74,9030,7198,0.74,9727
합계,중구,을지로동,2007,0.6,3345,1967,0.6,3278,1914,0.6,3190,1912,0.6,3187,3323,0.6,5538
합계,중구,신당5동,10929,0.39,28023,10867,0.39,27864,10708,0.39,27456,10513,0.39,26956,10516,0.39,26964
합계,중구,황학동,13689,0.33,41482,13531,0.33,41003,13444,0.33,40739,13459,0.33,40785,13612,0.33,41248
합계,중구,중림동,12942,0.48,26963,12801,0.48,26669,12351,0.48,25731,12338,0.48,25704,12494,0.48,26029
합계,중구,신당동,9234,0.55,16789,9191,0.55,16711,9095,0.55,16536,9087,0.55,16522,8885,0.55,16155
합계,중구,다산동,15035,0.51,29480,14725,0.51,28873,14274,0.51,27988,13954,0.51,27361,13786,0.51,27031
합계,중구,약수동,17734,0.48,36946,17354,0.48,36154,16889,0.48,35185,16610,0.48,34604,16342,0.48,34046
합계,중구,청구동,14515,0.34,42691,14281,0.34,42003,13818,0.34,40641,13451,0.34,39562,13225,0.34,38897
합계,중구,동화동,10995,0.26,42288,10827,0.26,41642,10433,0.26,40127,10199,0.26,39227,10120,0.26,38923
합계,용산구,소계,245185,21.87,11213,244645,21.87,11188,237285,21.87,10852,233284,21.87,10668,227106,21.87,10386
합계,용산구,후암동,18445,0.86,21448,18202,0.86,21165,17308,0.86,20126,16812,0.86,19549,16462,0.86,19142
합계,용산구,용산2가동,11836,1.96,6039,11272,1.96,5751,10775,1.96,5497,10333,1.96,5272,10271,1.96,5240
합계,용산구,남영동,8412,1.19,7069,8116,1.19,6820,7825,1.19,6576,7552,1.19,6346,7347,1.19,6174
합계,용산구,원효로2동,14718,0.71,20730,14331,0.71,20185,13875,0.71,19542,13795,0.71,19430,13763,0.71,19385
합계,용산구,효창동,10300,0.44,23409,10326,0.44,23468,10156,0.44,23082,10888,0.44,24745,10811,0.44,24570
합계,용산구,용문동,12587,0.28,44954,12455,0.28,44482,11985,0.28,42804,11664,0.28,41657,11518,0.28,41136
합계,용산구,이촌1동,29255,2.86,10229,28961,2.86,10126,26632,2.86,9312,25707,2.86,8988,25513,2.86,8921
합계,용산구,이촌2동,9005,1.22,7381,8808,1.22,7220,8374,1.22,6864,8094,1.22,6634,7932,1.22,6502
합계,용산구,이태원1동,9222,0.57,16179,8764,0.57,15375,8126,0.57,14256,7947,0.57,13942,7799,0.57,13682
합계,용산구,이태원2동,10811,0.86,12571,10795,0.86,12552,10604,0.86,12330,10427,0.86,12124,10223,0.86,11887
합계,용산구,서빙고동,14102,2.8,5036,14000,2.8,5000,13912,2.8,4969,13458,2.8,4806,13141,2.8,4693
합계,용산구,보광동,15862,0.71,22341,15531,0.71,21875,14708,0.71,20715,14060,0.71,19803,12420,0.71,17493
합계,용산구,청파동,20661,0.91,22704,20496,0.91,22523,20076,0.9,22307,19833,0.9,22037,19616,0.91,21556
합계,용산구,원효로1동,16630,0.59,28186,16730,0.59,28356,16577,0.59,28097,17774,0.59,30125,17688,0.59,29980
합계,용산구,한강로동,19635,2.9,6771,22097,2.9,7620,23411,2.9,8073,22886,2.9,7892,22691,2.9,7824
합계,용산구,한남동,23704,3.01,7875,23761,3.01,7894,22941,3.01,7622,22054,3.01,7327,19911,3.01,6615
합계,성동구,소계,308979,16.86,18327,300505,16.86,17822,292672,16.86,17359,288234,16.82,17136,284766,16.82,16930
합계,성동구,왕십리2동,17744,0.41,43278,17416,0.41,42478,16819,0.41,41022,16688,0.41,40702,16481,0.41,40198
합계,성동구,마장동,24035,1.05,22890,23459,1.05,22342,22991,1.05,21896,22706,1.05,21625,22233,1.05,21174
합계,성동구,사근동,13543,1.1,12312,13512,1.1,12284,13505,1.1,12277,14082,1.1,12802,14141,1.1,12855
합계,성동구,행당1동,16463,0.59,27903,14363,0.59,24344,14193,0.59,24056,13996,0.59,23722,13984,0.59,23702
합계,성동구,행당2동,24640,0.42,58667,24151,0.42,57502,23376,0.42,55657,23148,0.42,55114,22933,0.42,54602
합계,성동구,응봉동,16188,0.57,28400,15824,0.57,27761,15458,0.57,27119,15100,0.57,26491,15000,0.57,26316
합계,성동구,금호1가동,15954,0.46,34683,15795,0.46,34337,15315,0.46,33293,15137,0.46,32907,14841,0.46,32263
합계,성동구,금호4가동,15227,0.84,18127,14842,0.84,17669,14452,0.84,17205,14228,0.84,16938,14284,0.84,17005
합계,성동구,성수1가1동,17168,1.98,8671,16851,1.97,8554,16814,1.97,8535,16407,1.97,8328,15681,1.97,7960
합계,성동구,성수1가2동,14735,0.89,16556,13738,0.89,15436,12874,0.89,14465,12322,0.89,13845,12134,0.89,13634
합계,성동구,성수2가1동,17722,1.18,15019,17146,1.17,14655,16279,1.17,13914,15716,1.17,13432,15079,1.17,12888
합계,성동구,성수2가3동,11682,1.03,11342,11457,1.03,11123,10985,1.03,10665,10520,1.03,10214,10312,1.03,10012
합계,성동구,송정동,11428,0.75,15237,11143,0.75,14857,10915,0.75,14553,10464,0.75,13952,10131,0.75,13508
합계,성동구,용답동,13290,2.32,5728,12724,2.31,5508,12568,2.31,5441,12551,2.31,5433,13013,2.31,5633
합계,성동구,왕십리도선동,27767,0.72,38565,27588,0.72,38317,26910,0.72,37375,26903,0.72,37365,26739,0.72,37138
합계,성동구,금호2·3가동,24171,0.64,37767,23584,0.64,36850,22909,0.64,35795,22423,0.64,35036,22130,0.64,34578
합계,성동구,옥수동,27222,1.95,13960,26912,1.94,13872,26309,1.94,13561,25843,1.94,13321,25650,1.94,13222
합계,광진구,소계,366972,17.06,21507,360109,17.06,21105,352627,17.06,20666,351252,17.06,20586,351180,17.06,20582
합계,광진구,화양동,25537,1.16,22015,25541,1.16,22018,26034,1.16,22443,27082,1.16,23347,27645,1.16,23832
합계,광진구,군자동,22109,0.74,29877,21903,0.74,29599,21500,0.74,29054,21524,0.74,29086,21465,0.74,29007
합계,광진구,중곡1동,16287,0.62,26269,16190,0.62,26113,15862,0.62,25584,15663,0.62,25263,15691,0.62,25308
합계,광진구,중곡2동,22564,0.55,41025,22285,0.55,40518,21739,0.55,39525,21336,0.55,38793,20882,0.55,37967
합계,광진구,중곡3동,17315,0.6,28858,16902,0.6,28170,16357,0.6,27262,16177,0.6,26962,16008,0.6,26680
합계,광진구,중곡4동,30516,2.32,13153,29815,2.32,12851,28954,2.32,12480,28405,2.32,12244,28006,2.32,12072
합계,광진구,능동,11978,1.1,10889,11913,1.1,10830,11619,1.1,10563,11561,1.1,10510,11496,1.1,10451
합계,광진구,구의1동,23063,0.56,41184,22700,0.56,40536,22139,0.56,39534,24049,0.56,42945,23833,0.56,42559
합계,광진구,구의2동,27902,1.39,20073,27444,1.39,19744,27008,1.39,19430,26573,1.39,19117,26230,1.39,18871
합계,광진구,구의3동,30094,1.02,29504,29588,1.02,29008,28891,1.02,28325,28440,1.02,27882,28072,1.02,27522
합계,광진구,광장동,36083,2.39,15097,35619,2.39,14903,34834,2.39,14575,34362,2.39,14377,34210,2.39,14314
합계,광진구,자양1동,24156,0.57,42379,23710,0.57,41596,23134,0.57,40586,22709,0.57,39840,22745,0.57,39904
합계,광진구,자양2동,26893,1.68,16008,26016,1.68,15486,24930,1.68,14839,24253,1.68,14436,23949,1.68,14255
합계,광진구,자양3동,29475,1.2,24563,28957,1.2,24131,28330,1.2,23608,27858,1.2,23215,27543,1.2,22953
합계,광진구,자양4동,23000,1.16,19828,21526,1.16,18557,21296,1.16,18359,21260,1.16,18328,23405,1.16,20177
합계,동대문구,소계,363023,14.22,25537,357014,14.22,25114,352006,14.22,24762,353601,14.22,24873,359873,14.22,25315
합계,동대문구,회기동,13114,0.76,17255,12663,0.76,16662,12727,0.76,16746,13536,0.76,17811,13653,0.76,17964
합계,동대문구,휘경1동,16508,0.63,26203,15362,0.63,24384,16105,0.63,25563,16339,0.63,25935,16179,0.63,25681
합계,동대문구,휘경2동,25068,1.05,23874,24992,1.05,23802,24847,1.05,23664,24666,1.05,23491,25163,1.05,23965
합계,동대문구,청량리동,21808,1.2,18173,20432,1.2,17027,19280,1.2,16067,19094,1.2,15912,19347,1.2,16123
합계,동대문구,용신동,32144,1.61,19965,32602,1.61,20250,33055,1.61,20531,36137,1.61,22445,40088,1.61,24899
합계,동대문구,제기동,27364,1.18,23190,27017,1.18,22896,26577,1.18,22523,26484,1.18,22444,25501,1.18,21611
합계,동대문구,전농1동,31075,1.19,26113,30722,1.19,25817,29699,1.19,24957,29220,1.19,24555,32897,1.19,27645
합계,동대문구,전농2동,19990,0.86,23244,19449,0.86,22615,18876,0.86,21949,18629,0.86,21662,18432,0.86,21433
합계,동대문구,답십리2동,30486,0.85,35866,29486,0.85,34689,28595,0.85,33641,28055,0.85,33006,27854,0.85,32769
합계,동대문구,장안1동,39153,1.25,31322,39287,1.25,31430,38794,1.25,31035,38677,1.25,30942,38032,1.25,30426
합계,동대문구,장안2동,33045,1.09,30317,33339,1.09,30586,32791,1.09,30083,32685,1.09,29986,33020,1.09,30294
합계,동대문구,이문1동,22311,1.04,21453,21205,1.04,20389,20870,1.04,20067,21366,1.04,20544,21488,1.04,20662
합계,동대문구,이문2동,21174,0.69,30687,20947,0.69,30358,20417,0.69,29590,20183,0.69,29251,19935,0.69,28891
합계,동대문구,답십리1동,29783,0.81,36769,29511,0.81,36433,29373,0.81,36263,28530,0.81,35222,28284,0.81,34919
합계,중랑구,소계,402024,18.5,21736,399562,18.5,21603,391885,18.5,21188,390140,18.5,21092,387470,18.5,20948
합계,중랑구,면목2동,25942,0.73,35537,25214,0.77,32745,24405,0.77,31695,24206,0.77,31436,24001,0.77,31170
합계,중랑구,면목4동,20052,1.1,18229,19270,0.87,22149,19308,0.87,22193,18746,0.87,21547,18490,0.87,21253
합계,중랑구,면목5동,9825,0.64,15352,14661,0.7,20944,14897,0.7,21281,14836,0.7,21194,14740,0.7,21057
합계,중랑구,면목7동,22200,0.87,25517,22714,1.2,18928,22070,1.2,18392,21798,1.2,18165,21557,1.2,17964
합계,중랑구,상봉1동,25499,0.85,29999,24912,0.88,28309,24190,0.88,27489,23714,0.88,26948,23353,0.88,26538
합계,중랑구,상봉2동,19844,0.68,29182,20214,0.65,31098,20647,0.65,31765,20612,0.65,31711,20760,0.65,31938
합계,중랑구,중화1동,20916,0.68,30759,20400,0.64,31875,19784,0.64,30913,19293,0.64,30145,18908,0.64,29544
합계,중랑구,중화2동,27274,0.98,27831,26073,1.01,25815,25315,1.01,25064,24926,1.01,24679,24326,1.01,24085
합계,중랑구,묵1동,36016,1.2,30013,35588,1.2,29657,34636,1.2,28863,34344,1.2,28620,33935,1.2,28279
합계,중랑구,묵2동,19901,0.7,28430,19672,0.67,29361,18946,0.67,28278,18624,0.67,27797,18323,0.67,27348
합계,중랑구,망우3동,17941,0.99,18122,17508,0.92,19030,16698,0.92,18150,16303,0.92,17721,16078,0.92,17476
합계,중랑구,신내1동,40854,2.53,16148,39831,2.56,15559,38649,2.56,15097,38205,2.56,14924,37938,2.56,14820
합계,중랑구,신내2동,21905,0.99,22126,21302,0.93,22905,20529,0.93,22074,20155,0.93,21672,19774,0.93,21262
합계,중랑구,면목본동,36195,1.01,35837,35424,0.84,42171,34188,0.84,40700,33856,0.84,40305,33550,0.84,39940
합계,중랑구,면목3·8동,26589,1.67,15922,25995,1.63,15948,25154,1.63,15432,24617,1.63,15102,24842,1.63,15240
합계,중랑구,망우본동,31071,2.88,10789,30784,3.03,10160,32469,3.03,10716,35905,3.03,11850,36895,3.03,12177
합계,성북구,소계,454744,24.57,18505,447056,24.58,18190,440142,24.58,17909,441984,24.58,17983,438168,24.58,17828
합계,성북구,돈암1동,15921,0.49,32492,15379,0.49,31386,14791,0.49,30186,14474,0.49,29539,14376,0.49,29339
합계,성북구,돈암2동,25028,0.48,52142,24686,0.48,51429,23913,0.48,49819,23657,0.48,49285,23547,0.48,49056
합계,성북구,안암동,17502,1.33,13159,16580,1.33,12466,16527,1.33,12426,17118,1.33,12871,17268,1.33,12983
합계,성북구,보문동,16653,0.56,29738,16123,0.56,28791,15766,0.56,28154,16712,0.56,29843,16575,0.56,29598
합계,성북구,정릉1동,19455,0.44,44216,18929,0.44,43020,18377,0.44,41766,18197,0.44,41357,18015,0.44,40943
합계,성북구,정릉2동,23834,1.17,20371,23736,1.17,20287,23268,1.17,19887,22911,1.17,19582,22815,1.17,19500
합계,성북구,정릉3동,17233,3.71,4645,16847,3.71,4541,16210,3.71,4369,16567,3.71,4465,16628,3.71,4482
합계,성북구,정릉4동,26792,3.13,8560,25993,3.13,8304,25322,3.13,8090,24911,3.13,7959,24516,3.13,7833
합계,성북구,길음1동,37082,0.79,46939,36568,0.79,46289,35615,0.79,45082,35000,0.79,44304,34903,0.79,44181
합계,성북구,길음2동,16620,0.58,28655,17167,0.58,29598,16780,0.58,28931,21728,0.58,37462,21802,0.58,37590
합계,성북구,월곡1동,27523,0.81,33979,27108,0.81,33467,26525,0.81,32747,26169,0.81,32307,25799,0.81,31851
합계,성북구,월곡2동,20509,1.36,15080,20396,1.36,14997,19896,1.36,14629,19739,1.36,14514,19531,1.36,14361
합계,성북구,장위1동,20592,0.7,29417,20449,0.7,29213,24511,0.7,35016,24082,0.7,34403,23607,0.7,33724
합계,성북구,장위2동,13972,0.67,20854,14106,0.67,21054,13953,0.67,20825,13622,0.67,20331,13362,0.67,19943
합계,성북구,장위3동,17580,0.65,27046,17359,0.65,26706,15980,0.65,24585,15868,0.65,24412,15663,0.65,24097
합계,성북구,성북동,17584,2.86,6148,17404,2.86,6085,17026,2.86,5953,16889,2.86,5905,16503,2.86,5770
합계,성북구,삼선동,26013,0.92,28275,24144,0.92,26243,23413,0.92,25449,23044,0.92,25048,22824,0.92,24809
합계,성북구,동선동,16276,0.73,22296,16246,0.73,22255,16115,0.73,22075,15870,0.73,21740,15973,0.73,21881
합계,성북구,종암동,42068,1.46,28814,41353,1.46,28324,40325,1.46,27620,40111,1.46,27473,39766,1.46,27237
합계,성북구,석관동,36507,1.73,21102,36483,1.73,21088,35829,1.73,20710,35315,1.73,20413,34695,1.73,20055
합계,강북구,소계,317695,23.6,13462,311569,23.6,13202,302563,23.6,12820,297702,23.6,12614,292977,23.6,12414
합계,강북구,번1동,19614,0.66,29718,19441,0.66,29456,18717,0.66,28359,18578,0.66,28148,17963,0.66,27217
합계,강북구,번2동,17102,0.95,18002,16544,0.95,17415,15932,0.95,16771,15397,0.95,16207,14994,0.95,15783
합계,강북구,번3동,18251,1.1,16592,17605,1.1,16005,16905,1.1,15368,16449,1.1,14954,16420,1.1,14927
합계,강북구,수유1동,21841,1.67,13078,21468,1.67,12855,20849,1.67,12484,20501,1.67,12276,20200,1.67,12096
합계,강북구,수유2동,21939,0.57,38489,21595,0.57,37886,21421,0.57,37581,21054,0.57,36937,20697,0.57,36311
합계,강북구,수유3동,24064,0.72,33422,23907,0.72,33204,23393,0.72,32490,23778,0.72,33025,23954,0.72,33269
합계,강북구,삼양동,25537,0.91,28063,24742,0.91,27189,23802,0.91,26156,23090,0.91,25374,22622,0.91,24859
합계,강북구,미아동,22814,0.93,24531,22723,0.93,24433,21997,0.93,23653,21685,0.93,23317,21546,0.93,23168
합계,강북구,송중동,31153,1.01,30845,30934,1.01,30628,30035,1.01,29738,29910,1.01,29614,29296,1.01,29006
합계,강북구,송천동,28628,0.9,31809,27871,0.9,30968,26801,0.9,29779,25998,0.9,28887,25208,0.9,28009
합계,강북구,삼각산동,32900,0.62,53065,32118,0.62,51803,31470,0.62,50758,30939,0.62,49902,30716,0.62,49542
합계,강북구,우이동,21391,10.28,2081,21076,10.28,2050,20678,10.28,2011,20407,10.28,1985,20000,10.28,1946
합계,강북구,인수동,32461,3.28,9897,31545,3.28,9617,30563,3.28,9318,29916,3.28,9121,29361,3.28,8952
합계,도봉구,소계,335631,20.66,16245,327361,20.65,15852,319373,20.65,15465,313989,20.65,15205,309494,20.65,14987
합계,도봉구,쌍문1동,22364,1.24,18035,22016,1.24,17755,21658,1.24,17466,21445,1.24,17294,21085,1.24,17004
합계,도봉구,쌍문2동,20025,0.54,37083,19406,0.54,35937,18864,0.54,34933,18461,0.54,34187,18082,0.54,33485
합계,도봉구,쌍문3동,17262,0.5,34524,16922,0.5,33844,16768,0.5,33536,16934,0.5,33868,16651,0.5,33302
합계,도봉구,쌍문4동,19811,0.52,38098,19297,0.52,37110,18643,0.52,35852,18348,0.52,35285,18120,0.52,34846
합계,도봉구,방학1동,30056,0.69,43559,29236,0.69,42371,28912,0.69,41901,28410,0.69,41174,28005,0.69,40587
합계,도봉구,방학2동,21140,0.74,28568,20473,0.74,27666,19867,0.74,26847,19354,0.74,26154,18739,0.74,25323
합계,도봉구,방학3동,28782,2.64,10902,27973,2.62,10677,27110,2.62,10347,26500,2.62,10115,26155,2.62,9983
합계,도봉구,창1동,26271,0.88,29853,25400,0.88,28864,24827,0.88,28213,24502,0.88,27843,24224,0.88,27527
합계,도봉구,창2동,30498,1.07,28503,29912,1.05,28488,29337,1.05,27940,28957,1.05,27578,28468,1.05,27112
합계,도봉구,창3동,14777,0.67,22055,14402,0.67,21496,13923,0.67,20781,13633,0.67,20348,13297,0.67,19846
합계,도봉구,창4동,27873,0.96,29034,27286,0.95,28722,26583,0.95,27982,26121,0.95,27496,26281,0.95,27664
합계,도봉구,창5동,25802,0.7,36860,25308,0.7,36154,24709,0.7,35299,24343,0.7,34776,24022,0.7,34317
합계,도봉구,도봉1동,22293,8.72,2557,21810,8.72,2501,21210,8.72,2432,20622,8.72,2365,20209,8.72,2318
합계,도봉구,도봉2동,28677,0.83,34551,27920,0.83,33639,26962,0.83,32484,26359,0.83,31758,26156,0.83,31513
합계,노원구,소계,537303,35.44,15162,527032,35.44,14872,514946,35.44,14530,508014,35.44,14335,502925,35.44,14191
합계,노원구,월계1동,23883,1.16,20589,23085,1.16,19901,22240,1.16,19172,21580,1.16,18603,21299,1.16,18361
합계,노원구,월계2동,27289,1.94,14066,27615,1.94,14235,26704,1.94,13765,26066,1.94,13436,25643,1.94,13218
합계,노원구,월계3동,31593,1.17,27003,30790,1.17,26316,30069,1.17,25700,29384,1.17,25115,28889,1.17,24691
합계,노원구,공릉2동,41071,6.82,6022,40360,6.82,5918,41004,6.82,6012,42538,6.82,6237,42361,6.82,6211
합계,노원구,하계1동,29305,1.55,18906,27965,1.55,18042,27036,1.55,17443,26982,1.55,17408,26723,1.55,17241
합계,노원구,하계2동,23318,0.51,45722,22723,0.51,44555,22034,0.51,43204,21642,0.51,42435,21369,0.51,41900
합계,노원구,중계본동,25875,1.97,13135,24942,1.97,12661,24009,1.97,12187,23477,1.97,11917,23131,1.97,11742
합계,노원구,중계1동,28061,0.63,44541,27556,0.63,43740,26877,0.63,42662,26580,0.63,42190,26425,0.63,41944
합계,노원구,중계4동,21324,1.7,12544,20752,1.7,12207,19975,1.7,11750,19601,1.7,11530,19306,1.7,11356
합계,노원구,상계1동,40121,5.62,7139,39204,5.62,6976,38275,5.62,6810,37857,5.62,6736,36995,5.62,6583
합계,노원구,상계2동,21220,0.61,34787,20692,0.61,33921,20143,0.61,33021,19629,0.61,32179,19266,0.61,31584
합계,노원구,상계5동,25483,0.44,57916,24797,0.44,56357,24077,1.01,23839,23737,1.01,23502,23157,1.01,22928
합계,노원구,상계8동,23953,0.67,35751,22963,0.67,34273,22598,0.67,33728,22344,0.67,33349,21892,0.67,32675
합계,노원구,상계9동,21919,0.81,27060,21221,0.81,26199,20529,0.81,25344,20071,0.81,24779,19751,0.81,24384
합계,노원구,상계10동,16619,0.8,20774,17631,0.8,22039,18731,0.8,23414,18477,0.8,23096,18246,0.8,22808
합계,노원구,상계3·4동,25818,5.62,4594,27184,5.62,4837,26268,5.05,5202,25324,5.05,5015,27606,5.05,5467
합계,노원구,상계6·7동,34648,1.11,31214,33642,1.11,30308,32774,1.11,29526,32044,1.11,28868,31565,1.11,28437
합계,노원구,중계2·3동,36763,0.9,40848,35586,0.9,39540,34326,0.9,38140,33497,0.9,37219,32618,0.9,36242
합계,노원구,공릉1동,39040,1.41,27688,38324,1.41,27180,37277,1.41,26438,37184,1.41,26372,36683,1.41,26016
합계,은평구,소계,484546,29.71,16308,484043,29.71,16292,477173,29.71,16061,470602,29.71,15838,470869,29.71,15849
합계,은평구,녹번동,38411,1.79,21459,37815,1.79,21126,37164,1.79,20762,36884,1.79,20606,36511,1.79,20397
합계,은평구,불광1동,40917,3.13,13073,40022,3.13,12787,38777,3.13,12389,38265,3.13,12225,37694,3.13,12043
합계,은평구,갈현1동,24536,0.97,25295,23396,0.97,24120,22077,0.97,22760,17151,0.97,17681,14644,0.97,15097
합계,은평구,갈현2동,30150,0.96,31406,29239,0.96,30457,28547,0.96,29736,28176,0.96,29350,27714,0.96,28869
합계,은평구,구산동,33804,1.38,24496,32997,1.38,23911,32464,1.38,23525,32020,1.38,23203,31663,1.38,22944
합계,은평구,대조동,27910,0.85,32835,27579,0.85,32446,27204,0.85,32005,26862,0.85,31602,27758,0.85,32656
합계,은평구,응암1동,25654,1.2,21378,31265,1.2,26054,33287,1.2,27739,33279,1.2,27733,32969,1.2,27474
합계,은평구,응암2동,25466,0.78,32649,27776,0.78,35610,28107,0.78,36035,28016,0.78,35918,27544,0.78,35313
합계,은평구,신사1동,28570,0.84,34012,27776,0.84,33067,27231,0.84,32418,26984,0.84,32124,26688,0.84,31771
합계,은평구,신사2동,21875,1,21875,20945,1,20945,20330,1,20330,19497,1,19497,19101,1,19101
합계,은평구,증산동,16172,0.81,19965,15487,0.81,19120,15034,0.81,18560,18647,0.81,23021,18415,0.81,22735
합계,은평구,수색동,8952,1.29,6940,11258,1.29,8727,12752,1.29,9885,13210,1.29,10240,20560,1.29,15938
합계,은평구,진관동,58006,11.53,5031,57256,11.53,4966,56012,11.53,4858,55034,11.53,4773,54607,11.53,4736
합계,은평구,불광2동,29552,1.38,21414,28740,1.38,20826,27798,1.38,20143,27280,1.38,19768,26972,1.38,19545
합계,은평구,응암3동,26081,0.63,41398,25553,0.63,40560,24637,0.63,39106,24313,0.63,38592,23822,0.63,37813
합계,은평구,역촌동,48490,1.16,41802,46939,1.16,40465,45752,1.16,39441,44984,1.16,38779,44207,1.16,38109
합계,서대문구,소계,323171,17.63,18335,322952,17.63,18322,315659,17.63,17908,319554,17.63,18129,320629,17.63,18190
합계,서대문구,천연동,18704,0.97,19282,18049,0.97,18607,17359,0.97,17896,17031,0.97,17558,16789,0.97,17308
합계,서대문구,홍제1동,24997,1.23,20323,24604,1.23,20003,23929,1.23,19454,24674,1.23,20060,24959,1.23,20292
합계,서대문구,홍제3동,16420,0.81,20272,15983,1.05,15222,15478,0.81,19109,17890,0.81,22086,17842,0.81,22027
합계,서대문구,홍제2동,14570,1.05,13876,14334,0.81,17696,13801,1.05,13144,13433,1.05,12793,13281,1.05,12649
합계,서대문구,홍은1동,22902,1.58,14495,23266,1.58,14725,22933,1.58,14515,22825,1.58,14446,22410,1.58,14184
합계,서대문구,홍은2동,28394,2.06,13783,27734,2.06,13463,27222,2.06,13215,27499,2.06,13349,29394,2.06,14269
합계,서대문구,남가좌1동,16918,0.51,33173,16141,0.51,31649,15627,0.51,30641,16884,0.51,33106,16927,0.51,33190
합계,서대문구,남가좌2동,25947,0.77,33697,30996,0.77,40255,30807,0.77,40009,30508,0.77,39621,30385,0.77,39461
합계,서대문구,북가좌1동,19160,0.55,34836,18557,0.55,33740,18121,0.55,32947,17804,0.55,32371,17678,0.55,32142
합계,서대문구,북가좌2동,33810,0.84,40250,32947,0.84,39223,31893,0.84,37968,31244,0.84,37195,31026,0.84,36936
합계,서대문구,충현동,18113,1.12,16172,21229,1.12,18954,20760,1.12,18536,20316,1.12,18139,20148,1.12,17989
합계,서대문구,북아현동,17525,0.46,38098,16956,0.46,36861,16236,0.46,35296,15875,0.46,34511,15756,0.46,34252
합계,서대문구,신촌동,24372,2.63,9267,23051,2.63,8765,23759,2.63,9034,26143,2.63,9940,26846,2.63,10208
합계,서대문구,연희동,41339,3.05,13554,39105,3.05,12821,37734,3.05,12372,37428,3.05,12271,37188,3.05,12193
합계,마포구,소계,385925,23.85,16180,381858,23.85,16011,378686,23.85,15878,375585,23.85,15745,375162,23.85,15727
합계,마포구,용강동,22441,0.84,26715,22257,0.84,26496,22038,0.84,26236,21786,0.84,25936,21642,0.84,25764
합계,마포구,대흥동,13575,0.88,15426,15863,0.87,18233,15848,0.87,18216,16177,0.87,18594,16269,0.88,18488
합계,마포구,염리동,13486,0.43,31363,12864,0.44,29236,17657,0.44,40130,17633,0.44,40075,17664,0.43,41079
합계,마포구,신수동,23877,0.78,30612,23606,0.78,30264,22834,0.78,29274,22672,0.78,29067,22496,0.78,28841
합계,마포구,서교동,25997,1.65,15756,26981,1.65,16352,26549,1.65,16090,26674,1.65,16166,26359,1.65,15975
합계,마포구,합정동,19153,1.72,11135,18576,1.72,10800,17649,1.72,10261,17064,1.72,9921,16717,1.69,9892
합계,마포구,망원1동,21856,1.13,19342,21113,1.13,18684,20351,1.13,18010,19757,1.13,17484,19475,1.14,17083
합계,마포구,망원2동,19386,0.67,28934,19216,0.67,28681,18764,0.67,28006,18449,0.67,27536,18155,0.67,27097
합계,마포구,연남동,16953,0.64,26489,16682,0.64,26066,15899,0.64,24842,15603,0.64,24380,15190,0.65,23369
합계,마포구,성산1동,20164,0.8,25205,19679,0.8,24599,19246,0.8,24058,19079,0.8,23849,18947,0.8,23684
합계,마포구,성산2동,41531,2.07,20063,40669,2.07,19647,39909,2.07,19280,39500,2.07,19082,39099,2.07,18888
합계,마포구,상암동,32882,8.4,3915,31997,8.4,3809,31473,8.4,3747,30837,8.4,3671,30414,8.4,3621
합계,마포구,도화동,22594,0.62,36442,21998,0.62,35481,21391,0.62,34502,21118,0.62,34061,20899,0.62,33708
합계,마포구,서강동,26163,1.45,18043,25386,1.45,17508,25600,1.45,17655,25576,1.45,17639,25405,1.45,17521
합계,마포구,공덕동,40509,1.01,40108,38750,1.01,38366,37792,1.01,37418,37476,1.01,37105,37123,1.01,36755
합계,마포구,아현동,25358,0.76,33366,26221,0.76,34501,25686,0.76,33797,26184,0.76,34453,29308,0.76,38563
합계,양천구,소계,462285,17.41,26559,457781,17.41,26301,450487,17.41,25882,444010,17.41,25509,439252,17.41,25236
합계,양천구,목1동,32173,1.41,22818,31727,1.41,22501,30883,1.41,21903,30536,1.41,21657,30419,1.41,21574
합계,양천구,목2동,31477,1.03,30560,30705,1.03,29811,30139,1.03,29261,29641,1.03,28778,29098,1.03,28250
합계,양천구,목3동,23095,0.53,43575,22643,0.53,42723,21977,0.53,41466,21719,0.53,40979,21395,0.53,40368
합계,양천구,목4동,26909,0.57,47209,26190,0.57,45947,25544,0.57,44814,25018,0.57,43891,24619,0.57,43191
합계,양천구,신월1동,21773,0.65,33497,21246,0.65,32686,20693,0.65,31835,20343,0.65,31297,19683,0.65,30282
합계,양천구,신월2동,22126,0.61,36272,21520,0.61,35279,20819,0.61,34130,20569,0.61,33720,20944,0.61,34334
합계,양천구,신월3동,16719,0.87,19217,15965,0.87,18351,15372,0.87,17669,14934,0.87,17166,14466,0.87,16628
합계,양천구,신월4동,19026,0.52,36588,18487,0.52,35552,18012,0.52,34638,17698,0.52,34035,17555,0.52,33760
합계,양천구,신월5동,15570,0.69,22565,15189,0.69,22013,14750,0.69,21377,14461,0.69,20958,14120,0.69,20464
합계,양천구,신월6동,6615,0.41,16134,13798,0.41,33654,13945,0.41,34012,13816,0.41,33698,13927,0.41,33968
합계,양천구,신월7동,21602,1.19,18153,20651,1.19,17354,19917,1.19,16737,19199,1.19,16134,18811,1.19,15808
합계,양천구,신정1동,21627,0.7,30896,21074,0.7,30106,20487,0.7,29267,19962,0.7,28517,19820,0.7,28314
합계,양천구,신정2동,20685,0.52,39779,20207,0.52,38860,19596,0.52,37685,19003,0.52,36544,18869,0.52,36287
합계,양천구,신정3동,48151,2.72,17703,46787,2.72,17201,49979,2.72,18375,50587,2.72,18598,49890,2.72,18342
합계,양천구,신정6동,25304,0.96,26358,25038,0.96,26081,24552,0.96,25575,24152,0.96,25158,23985,0.96,24984
합계,양천구,신정7동,30904,1.21,25540,30075,1.21,24855,29171,1.21,24108,28579,1.21,23619,28431,1.21,23497
합계,양천구,목5동,42948,1.81,23728,42288,1.81,23364,41308,1.81,22822,40737,1.81,22507,40818,1.81,22551
합계,양천구,신정4동,35581,1.01,35229,34191,1.01,33852,33343,1.01,33013,33056,1.01,32729,32402,1.01,32081
합계,강서구,소계,598273,41.44,14438,585901,41.44,14140,579768,41.45,13986,574638,41.45,13862,568826,41.45,13723
합계,강서구,염창동,42579,1.74,24471,42017,1.74,24148,41764,1.74,24002,41628,1.74,23924,41490,1.74,23845
합계,강서구,등촌1동,23717,0.59,40198,24338,0.64,38028,24436,0.64,38181,24991,0.64,39048,25184,0.64,39350
합계,강서구,등촌2동,21868,0.92,23770,21216,0.92,23061,20423,0.92,22199,19855,0.92,21582,19481,0.92,21175
합계,강서구,등촌3동,32506,0.79,41147,31660,0.79,40076,30714,0.79,38878,30025,0.79,38006,29576,0.79,37438
합계,강서구,화곡본동,35918,1.11,32359,34981,0.98,35695,34612,0.98,35318,34121,0.98,34817,33346,0.98,34027
합계,강서구,화곡2동,19487,0.47,41462,18727,0.45,41616,18096,0.45,40213,17785,0.45,39522,17358,0.45,38573
합계,강서구,화곡3동,22710,0.51,44529,21938,0.53,41392,21661,0.53,40870,21603,0.53,40760,21261,0.53,40115
합계,강서구,화곡4동,22044,0.82,26883,21413,0.82,26113,20820,0.82,25390,20514,0.82,25017,20017,0.82,24411
합계,강서구,화곡6동,25118,1.12,22427,25133,1.11,22642,25096,1.11,22609,25303,1.11,22795,26236,1.11,23636
합계,강서구,화곡8동,26509,0.53,50017,25674,0.53,48442,24789,0.53,46772,24415,0.53,46066,23888,0.53,45072
합계,강서구,가양1동,34154,4.7,7267,34540,4.7,7349,34395,4.7,7318,34359,4.7,7310,34145,4.7,7265
합계,강서구,가양2동,15140,1,15140,14588,1,14588,14109,1,14109,13902,1,13902,13539,1,13539
합계,강서구,가양3동,16199,0.99,16363,15583,0.5,31166,15138,0.5,30276,14678,0.5,29356,14207,0.5,28414
합계,강서구,발산1동,38507,2.96,13009,37530,2.94,12765,36572,2.94,12439,36236,2.94,12325,35955,2.94,12230
합계,강서구,공항동,28261,10.87,2600,27627,10.87,2542,31483,10.87,2896,30927,10.87,2845,30035,10.87,2763
합계,강서구,방화1동,45668,1.04,43912,44550,1.48,30101,43181,1.48,29176,42851,1.48,28953,42283,1.48,28570
합계,강서구,방화2동,24051,6.41,3752,23442,6.41,3657,23656,6.41,3690,23371,6.41,3646,22978,6.41,3585
합계,강서구,방화3동,24467,2.38,10280,23577,2.55,9246,22924,2.55,8990,22544,2.55,8841,22110,2.55,8671
합계,강서구,화곡1동,54562,1.12,48716,53380,1.12,47661,52770,1.12,47116,52647,1.12,47006,51791,1.12,46242
합계,강서구,우장산동,44808,1.36,32947,43987,1.36,32343,43129,1.36,31713,42883,1.36,31532,43946,1.36,32313
합계,구로구,소계,439371,20.12,21837,432488,20.12,21496,421163,20.12,20933,418418,20.12,20794,415651,20.12,20656
합계,구로구,신도림동,37188,1.47,25298,36494,1.47,24826,36342,1.47,24722,36138,1.47,24584,36313,1.47,24703
합계,구로구,구로1동,22097,1.02,21664,21632,1.02,21208,21166,1.02,20751,20936,1.02,20525,20705,1.02,20299
합계,구로구,구로3동,26290,1.02,25775,25722,1.02,25218,25157,1.02,24664,25055,1.02,24564,25049,1.02,24558
합계,구로구,구로4동,26219,0.46,56998,25031,0.46,54415,23745,0.46,51620,23052,0.46,50113,22557,0.46,49037
합계,구로구,구로5동,33426,1.03,32452,32339,1.03,31397,31822,1.03,30895,31740,1.03,30816,31720,1.03,30796
합계,구로구,고척1동,24182,1.16,20847,23547,1.16,20299,22657,1.16,19532,25636,1.16,22100,26690,1.16,23009
합계,구로구,고척2동,28950,1.02,28382,27853,1.02,27307,27092,1.02,26561,26557,1.02,26036,26250,1.02,25735
합계,구로구,개봉2동,33036,0.8,41295,32218,0.8,40273,31314,0.8,39143,30665,0.8,38331,30158,0.8,37698
합계,구로구,개봉3동,22005,0.81,27167,21284,0.81,26277,20590,0.81,25420,20251,0.81,25001,19985,0.81,24673
합계,구로구,오류1동,23295,0.59,39483,23360,0.59,39593,23155,0.59,39246,23126,0.59,39197,23363,0.59,39598
합계,구로구,수궁동,24890,2.67,9322,24297,2.67,9100,23806,2.67,8916,23332,2.67,8739,23109,2.67,8655
합계,구로구,가리봉동,15250,0.4,38125,14263,0.4,35658,13091,0.4,32728,12653,0.4,31633,12458,0.4,31145
합계,구로구,구로2동,35208,1.76,20005,33050,1.76,18778,31164,1.76,17707,30093,1.76,17098,29019,1.76,16488
합계,구로구,개봉1동,33835,1.31,25828,35239,1.31,26900,34560,1.31,26382,34105,1.31,26034,33907,1.31,25883
합계,구로구,오류2동,53500,4.6,11630,39755,3.2,12423,39026,3.2,12196,38528,3.2,12040,37888,3.2,11840
합계,구로구,항동,-,-,-,16404,1.4,11717,16476,1.4,11769,16551,1.4,11822,16480,1.4,11771
합계,금천구,소계,251820,13.02,19341,247835,13.02,19035,244891,13.02,18808,242818,13.02,18649,241105,13.02,18517
합계,금천구,가산동,24455,2.52,9704,25973,2.52,10307,26179,2.52,10388,26569,2.52,10543,27152,2.52,10775
합계,금천구,독산1동,43840,2.09,20976,44191,2.09,21144,46698,2.09,22344,47573,2.09,22762,48084,2.09,23007
합계,금천구,독산2동,21405,0.6,35675,20666,0.6,34443,20175,0.6,33625,19562,0.6,32603,19152,0.6,31920
합계,금천구,독산3동,29916,0.92,32517,28535,0.92,31016,27595,0.92,29995,27239,0.92,29608,26903,0.92,29242
합계,금천구,독산4동,18227,0.59,30893,17464,0.59,29600,16778,0.59,28437,16432,0.59,27851,16120,0.59,27322
합계,금천구,시흥1동,36706,1.71,21465,35781,1.71,20925,34533,1.71,20195,34054,1.71,19915,33790,1.71,19760
합계,금천구,시흥2동,22659,1.26,17983,22092,1.26,17533,21351,1.26,16945,20832,1.26,16533,20687,1.26,16418
합계,금천구,시흥3동,11524,1.07,10770,11285,1.07,10547,10951,1.07,10235,10701,1.07,10001,10396,1.07,9716
합계,금천구,시흥4동,22216,0.87,25536,21520,0.87,24736,20916,0.87,24041,20614,0.87,23694,20059,0.87,23056
합계,금천구,시흥5동,20872,1.39,15016,20328,1.39,14624,19715,1.39,14183,19242,1.39,13843,18762,1.39,13498
합계,영등포구,소계,400986,24.55,16334,407367,24.55,16595,400908,24.55,16331,398085,24.55,16215,397800,24.55,16203
합계,영등포구,여의동,34598,8.4,4119,34463,8.4,4103,33420,8.4,3979,32923,8.4,3919,33713,8.4,4013
합계,영등포구,당산1동,21524,0.75,28699,21197,0.75,28263,20648,0.75,27531,20740,0.75,27653,21418,0.75,28557
합계,영등포구,당산2동,36324,1.55,23435,38011,1.55,24523,37911,1.55,24459,37102,1.55,23937,37113,1.55,23944
합계,영등포구,양평1동,18263,0.88,20753,17702,0.88,20116,18487,0.88,21008,18704,0.88,21255,18422,0.88,20934
합계,영등포구,양평2동,22802,3,7601,22603,3,7534,22499,3,7500,22583,3,7528,22758,3,7586
합계,영등포구,신길1동,19750,0.66,29924,19167,0.66,29041,18755,0.66,28417,20483,0.66,31035,20653,0.66,31292
합계,영등포구,신길3동,18727,0.52,36013,18086,0.52,34781,17575,0.52,33798,17281,0.52,33233,16961,0.52,32617
합계,영등포구,신길4동,9985,0.35,28529,12974,0.38,34142,13089,0.38,34445,13016,0.38,34253,12919,0.38,33997
합계,영등포구,신길5동,10670,0.47,22702,12496,0.47,26587,11701,0.47,24896,11212,0.47,23855,10912,0.47,23217
합계,영등포구,신길6동,19434,0.68,28579,19071,0.65,29340,19869,0.65,30568,19593,0.65,30143,18369,0.65,28260
합계,영등포구,신길7동,17075,0.64,26680,20494,0.64,32022,20158,0.64,31497,19899,0.64,31092,19985,0.64,31227
합계,영등포구,대림1동,16332,0.49,33331,17751,0.49,36227,17067,0.49,34831,16506,0.49,33686,16164,0.49,32988
합계,영등포구,대림2동,21370,0.55,38855,19776,0.55,35956,18162,0.55,33022,17523,0.55,31860,17575,0.55,31955
합계,영등포구,대림3동,28638,0.95,30145,26973,0.95,28393,25876,0.95,27238,25205,0.95,26532,25027,0.95,26344
합계,영등포구,영등포본동,24813,1.02,24326,23790,1.02,23324,23152,1.02,22698,22714,1.02,22269,22536,1.02,22094
합계,영등포구,영등포동,27166,1.26,21560,28749,1.26,22817,29901,1.26,23731,30461,1.26,24175,31413,1.26,24931
합계,영등포구,도림동,21552,0.89,24216,20665,0.89,23219,19826,0.89,22276,19600,0.89,22022,19520,0.89,21933
합계,영등포구,문래동,31963,1.49,21452,33399,1.49,22415,32812,1.49,22021,32540,1.49,21839,32342,1.49,21706
합계,동작구,소계,408912,16.35,25003,401572,16.35,24555,394364,16.36,24113,390432,16.36,23870,389714,16.36,23826
합계,동작구,노량진2동,13789,0.64,21545,13512,0.64,21113,11550,0.64,18047,11234,0.64,17553,11075,0.64,17305
합계,동작구,상도1동,48153,1.51,31889,46840,1.51,31020,45485,1.51,30123,46166,1.51,30574,46451,1.51,30762
합계,동작구,상도2동,29270,0.98,29867,28162,0.98,28737,28362,0.98,28941,27982,0.98,28553,27822,0.98,28390
합계,동작구,상도3동,26041,0.6,43402,25416,0.6,42360,24846,0.6,41410,24456,0.6,40760,24297,0.6,40495
합계,동작구,상도4동,29893,0.75,39857,29306,0.75,39075,28914,0.75,38552,28564,0.75,38085,28051,0.75,37401
합계,동작구,사당1동,24026,0.79,30413,23632,0.79,29914,23321,0.79,29520,23009,0.79,29125,23008,0.79,29124
합계,동작구,사당3동,26034,0.92,28298,25244,0.92,27439,24548,0.92,26683,24189,0.92,26292,23940,0.92,26022
합계,동작구,사당4동,14921,0.38,39266,14599,0.38,38418,14301,0.38,37634,14185,0.38,37329,14007,0.38,36861
합계,동작구,사당5동,12886,0.57,22607,14811,0.57,25984,14558,0.57,25540,14434,0.57,25323,14269,0.57,25033
합계,동작구,대방동,40177,1.55,25921,39172,1.55,25272,38338,1.55,24734,37056,1.55,23907,35989,1.55,23219
합계,동작구,신대방1동,26599,0.62,42902,25823,0.62,41650,24999,0.62,40321,25118,0.62,40513,25100,0.62,40484
합계,동작구,신대방2동,20719,1.03,20116,20466,1.03,19870,21404,1.03,20781,22445,1.03,21791,22281,1.03,21632
합계,동작구,흑석동,35551,1.68,21161,34544,1.68,20562,33293,1.68,19817,30694,1.68,18270,32231,1.68,19185
합계,동작구,노량진1동,32563,1.58,20609,32387,1.58,20498,32298,1.58,20442,32114,1.58,20325,32715,1.58,20706
합계,동작구,사당2동,28290,2.75,10287,27658,2.75,10057,28147,2.75,10235,28786,2.75,10468,28478,2.75,10356
합계,관악구,소계,517334,29.57,17496,509803,29.57,17241,499449,29.57,16891,501226,29.57,16951,497883,29.57,16838
합계,관악구,보라매동,26496,0.76,34863,25278,0.76,33261,24918,0.76,32787,24660,0.76,32447,24272,0.76,31937
합계,관악구,청림동,16286,0.3,54287,15711,0.3,52370,15214,0.3,50713,15005,0.3,50017,14828,0.3,49427
합계,관악구,행운동,30061,0.72,41751,29799,0.72,41388,29413,0.72,40851,29636,0.72,41161,29418,0.72,40858
합계,관악구,낙성대동,17623,2.27,7763,17579,2.27,7744,17434,2.27,7680,17928,2.27,7898,17863,2.27,7869
합계,관악구,중앙동,15895,0.39,40756,15758,0.39,40405,15487,0.39,39710,15685,0.39,40218,15572,0.39,39928
합계,관악구,인헌동,27088,1.08,25081,26500,1.08,24537,26154,1.08,24217,26119,1.08,24184,25849,1.08,23934
합계,관악구,남현동,18980,3.27,5804,18598,3.27,5687,18274,3.27,5588,18163,3.27,5554,17888,3.27,5470
합계,관악구,서원동,24068,0.65,37028,23565,0.65,36254,23278,0.65,35812,23511,0.65,36171,23690,0.65,36446
합계,관악구,신원동,19742,0.55,35895,19290,0.55,35073,18675,0.55,33955,18620,0.55,33855,18399,0.55,33453
합계,관악구,서림동,24339,0.99,24585,24410,0.99,24657,23689,0.99,23928,24361,0.99,24607,24594,0.99,24842
합계,관악구,신사동,25960,0.64,40563,25426,0.64,39728,24838,0.64,38809,24719,0.64,38623,24414,0.64,38147
합계,관악구,신림동,22525,0.54,41713,22667,0.54,41976,23128,0.54,42830,23877,0.54,44217,23767,0.54,44013
합계,관악구,난향동,16394,0.8,20493,15915,0.8,19894,15420,0.8,19275,15050,0.8,18813,14859,0.8,18574
합계,관악구,조원동,19579,0.67,29222,19232,0.67,28704,18786,0.67,28039,20490,0.67,30582,21077,0.67,31458
합계,관악구,대학동,24457,8.3,2947,24907,8.3,3001,24921,8.3,3003,26301,8.3,3169,27093,8.3,3264
합계,관악구,은천동,35337,0.78,45304,34595,0.78,44353,33631,0.78,43117,33156,0.78,42508,32902,0.78,42182
합계,관악구,성현동,31175,0.68,45846,30472,0.68,44812,29394,0.68,43226,28830,0.68,42397,28461,0.68,41854
합계,관악구,청룡동,34440,1.18,29186,36325,1.18,30784,36482,1.18,30917,37132,1.18,31468,36872,1.18,31247
합계,관악구,난곡동,28912,0.96,30117,28054,0.96,29223,27216,0.96,28350,26679,0.96,27791,25807,0.96,26882
합계,관악구,삼성동,25226,2.66,9483,23935,2.66,8998,22041,2.66,8286,20642,2.66,7760,20130,2.66,7568
합계,관악구,미성동,32751,1.38,23733,31787,1.38,23034,31056,1.38,22504,30662,1.38,22219,30128,1.38,21832
합계,서초구,소계,435107,46.98,9261,429025,46.98,9132,416167,46.98,8858,408451,46.97,8696,412078,46.97,8774
합계,서초구,서초1동,21579,1.42,15196,21187,1.42,14920,20711,1.42,14585,20622,1.42,14523,20352,1.42,14332
합계,서초구,서초2동,18837,1.24,15191,21731,1.24,17525,26595,1.24,21448,26932,1.24,21719,25140,1.24,20274
합계,서초구,서초3동,30951,2.93,10563,32307,2.93,11026,32769,2.93,11184,32379,2.93,11051,32384,2.93,11053
합계,서초구,서초4동,31988,0.88,36350,31718,0.88,36043,31089,0.88,35328,30521,0.88,34683,30558,0.88,34725
합계,서초구,잠원동,35131,1.76,19961,28532,1.76,16211,26946,1.76,15310,26393,1.76,14996,27015,1.76,15349
합계,서초구,반포본동,12190,1.01,12069,11991,1.01,11872,2000,1.01,1980,292,1.01,289,241,1.01,239
합계,서초구,반포1동,33237,1,33237,32630,1,32630,34815,1,34815,34443,1,34443,34190,1,34190
합계,서초구,반포2동,16385,1.35,12137,16240,1.35,12030,15801,1.35,11704,15742,1.35,11661,23436,1.35,17360
합계,서초구,반포3동,20390,1.28,15930,22412,1.28,17509,22245,1.28,17379,22773,1.28,17791,23845,1.28,18629
합계,서초구,반포4동,20232,1.43,14148,19977,1.43,13970,19807,1.43,13851,19486,1.43,13627,19229,1.43,13447
합계,서초구,방배본동,21585,0.67,32216,21293,0.67,31781,21083,0.67,31467,20778,0.67,31012,20575,0.67,30709
합계,서초구,방배1동,17524,0.7,25034,17381,0.7,24830,16980,0.7,24257,16883,0.7,24119,16644,0.7,23777
합계,서초구,방배2동,20958,1.93,10859,20404,1.93,10572,19474,1.93,10090,18553,1.93,9613,18171,1.93,9415
합계,서초구,방배3동,22455,2.4,9356,21441,2.4,8934,18861,2.4,7859,17321,2.4,7217,16058,2.4,6691
합계,서초구,방배4동,24083,0.98,24574,24036,0.98,24527,23817,0.98,24303,23429,0.98,23907,23108,0.98,23580
합계,서초구,양재1동,45940,5.76,7976,44890,5.76,7793,43408,5.76,7536,42683,5.76,7410,42333,5.76,7349
합계,서초구,양재2동,23161,7.58,3056,22709,7.58,2996,22144,7.58,2921,21766,7.58,2872,21545,7.58,2842
합계,서초구,내곡동,18481,12.68,1457,18146,12.68,1431,17622,12.68,1390,17455,12.68,1377,17254,12.68,1361
합계,강남구,소계,550209,39.5,13929,544055,39.5,13773,537800,39.5,13616,534103,39.5,13522,550282,39.5,13932
합계,강남구,신사동,17546,1.89,9284,16914,1.89,8949,16213,1.89,8578,15876,1.89,8400,15681,1.89,8297
합계,강남구,개포3동,-,-,-,-,-,-,-,-,-,17382,1.24,14018,16894,1.24,13624
합계,강남구,논현1동,23792,1.25,19034,23734,1.25,18987,22702,1.25,18162,22080,1.25,17664,21759,1.25,17407
합계,강남구,논현2동,21904,1.47,14901,21997,1.47,14964,21331,1.47,14511,20814,1.47,14159,20774,1.47,14132
합계,강남구,삼성1동,14920,1.94,7691,13600,1.94,7010,13136,1.94,6771,12739,1.94,6566,12384,1.94,6384
합계,강남구,삼성2동,30674,1.24,24737,30368,1.24,24490,30692,1.24,24752,31062,1.24,25050,30888,1.24,24910
합계,강남구,대치1동,25302,0.79,32028,24922,0.79,31547,24199,0.79,30632,23846,0.79,30185,23934,0.79,30296
합계,강남구,대치4동,20822,0.73,28523,20744,0.73,28416,20079,0.73,27505,19491,0.73,26700,18929,0.73,25930
합계,강남구,역삼1동,37002,2.35,15746,36771,2.35,15647,36590,2.35,15570,35556,2.35,15130,35326,2.35,15032
합계,강남구,역삼2동,37336,1.15,32466,37291,1.15,32427,36378,1.15,31633,37269,1.15,32408,36748,1.15,31955
합계,강남구,도곡1동,22626,1.02,22182,22227,1.02,21791,21539,1.02,21117,21274,1.02,20857,20701,1.02,20295
합계,강남구,도곡2동,34437,1.02,33762,34042,1.02,33375,33261,1.02,32609,32846,1.02,32202,32738,1.02,32096
합계,강남구,개포1동,6920,1.27,5449,6670,1.27,5252,6489,1.27,5109,6922,1.27,5450,11907,1.27,9376
합계,강남구,개포4동,18405,1.49,12352,22765,1.49,15279,23870,1.49,16020,23639,1.49,15865,23384,1.49,15694
합계,강남구,일원본동,24399,2.58,9457,23945,2.58,9281,23291,2.58,9028,23015,2.58,8921,22832,2.58,8850
합계,강남구,일원1동,16438,0.92,17867,15827,0.92,17203,15214,0.92,16537,14987,0.92,16290,14711,0.92,15990
합계,강남구,일원2동,18160,1.24,14645,17709,1.24,14281,17585,1.24,14181,-,-,-,-,-,-
합계,강남구,수서동,15934,1.43,11143,15299,1.43,10699,14870,1.43,10399,14402,1.43,10071,14090,1.43,9853
합계,강남구,세곡동,45064,6.36,7086,44475,6.36,6993,43396,6.36,6823,43382,6.36,6821,45724,6.36,7189
합계,강남구,압구정동,27712,2.53,10953,27440,2.53,10846,26446,2.53,10453,25902,2.53,10238,25755,2.53,10180
합계,강남구,청담동,30120,2.33,12927,27266,2.33,11702,25911,2.33,11121,25489,2.33,10939,24902,2.33,10688
합계,강남구,대치2동,38647,2,19324,37752,2,18876,36663,2,18332,37098,2,18549,38417,2,19209
합계,강남구,개포2동,22049,2.51,8784,22297,2.51,8883,27945,2.51,11133,29032,2.51,11567,41804,2.51,16655
합계,송파구,소계,682741,33.87,20156,673926,33.87,19896,663965,33.88,19599,664514,33.88,19616,660025,33.88,19483
합계,송파구,풍납1동,15518,0.77,20153,14585,0.77,18942,13451,0.77,17469,12910,0.77,16766,12286,0.77,15956
합계,송파구,풍납2동,25288,1.59,15904,25703,1.59,16165,24953,1.59,15694,24426,1.59,15362,23918,1.59,15043
합계,송파구,거여1동,13221,0.51,25924,13077,0.51,25641,12614,0.51,24733,12255,0.51,24029,12100,0.51,23725
합계,송파구,거여2동,16921,0.53,31926,19330,0.53,36472,18806,0.53,35483,23745,0.53,44802,23653,0.53,44628
합계,송파구,마천1동,20764,0.58,35800,19909,0.58,34326,19071,0.58,32881,18618,0.58,32100,18137,0.58,31271
합계,송파구,마천2동,20242,0.89,22744,19719,0.89,22156,18866,0.89,21198,18150,0.89,20393,17743,0.89,19936
합계,송파구,방이1동,16524,0.5,33048,16298,0.5,32596,15766,0.5,31532,15460,0.5,30920,15231,0.5,30462
합계,송파구,방이2동,26044,0.8,32555,26675,0.8,33344,27015,0.8,33769,26354,0.8,32943,26833,0.8,33541
합계,송파구,오륜동,18864,3.17,5951,18495,3.17,5834,18079,3.17,5703,17804,3.17,5616,17818,3.17,5621
합계,송파구,오금동,41067,1.65,24889,39668,1.65,24041,38654,1.65,23427,38037,1.65,23053,37669,1.65,22830
합계,송파구,송파1동,26026,0.79,32944,25190,0.79,31886,24176,0.79,30603,24008,0.79,30390,23654,0.79,29942
합계,송파구,송파2동,20862,0.53,39362,20800,0.53,39245,19283,0.53,36383,18947,0.53,35749,18674,0.53,35234
합계,송파구,석촌동,34309,0.95,36115,33166,0.95,34912,32169,0.95,33862,31602,0.95,33265,31333,0.95,32982
합계,송파구,삼전동,32613,0.95,34329,31839,0.95,33515,30695,0.95,32311,29912,0.95,31486,29451,0.95,31001
합계,송파구,가락본동,27876,1.13,24669,27368,1.13,24219,26523,1.13,23472,25883,1.13,22905,25489,1.13,22557
합계,송파구,가락1동,27716,1.34,20684,27876,1.34,20803,27365,1.34,20422,27521,1.34,20538,27673,1.34,20651
합계,송파구,가락2동,33920,0.96,35333,33204,0.96,34588,32406,0.96,33756,31670,0.96,32990,31386,0.96,32694
합계,송파구,문정1동,21301,0.56,38038,20868,0.56,37264,20198,0.56,36068,19916,0.56,35564,19673,0.56,35130
합계,송파구,문정2동,29967,2.2,13621,29547,2.2,13430,29072,2.2,13215,28841,2.2,13110,28972,2.2,13169
합계,송파구,잠실본동,29628,0.94,31519,29093,0.94,30950,28439,0.94,30254,28358,0.94,30168,28300,0.94,30106
합계,송파구,잠실4동,22240,1.56,14256,21798,1.56,13973,21376,1.56,13703,21223,1.56,13604,21271,1.56,13635
합계,송파구,잠실6동,17441,2.79,6251,17366,2.79,6224,16905,2.79,6059,16713,2.79,5990,16657,2.79,5970
합계,송파구,잠실7동,10191,0.6,16985,9903,0.6,16505,9564,0.6,15940,9427,0.6,15712,9434,0.6,15723
합계,송파구,잠실2동,36809,2.18,16885,36216,2.18,16613,35145,2.18,16122,34876,2.18,15998,35005,2.18,16057
합계,송파구,잠실3동,36038,1.49,24187,35497,1.49,23823,34475,1.49,23138,34143,1.49,22915,33948,1.49,22784
합계,송파구,장지동,33055,1.37,24128,30370,1.37,22168,29693,1.37,21674,29102,1.37,21242,28672,1.37,20928
합계,송파구,위례동,28296,2.55,11096,30366,2.55,11908,39206,2.55,15375,44613,2.55,17495,45045,2.55,17665
합계,강동구,소계,440390,24.59,17909,463998,24.59,18869,466472,24.59,18970,464037,24.59,18871,463318,24.59,18841
합계,강동구,강일동,32127,2.8,11474,35778,2.8,12778,-,-,-,-,-,-,-,-,-
합계,강동구,상일동,10773,2.65,4065,33345,2.65,12583,-,-,-,-,-,-,-,-,-
합계,강동구,명일1동,26758,0.61,43866,26377,0.61,43241,25941,0.61,42526,25641,0.61,42034,25383,0.61,41611
합계,강동구,명일2동,17778,0.97,18328,17555,0.97,18098,17568,0.97,18111,17327,0.97,17863,17101,0.97,17630
합계,강동구,고덕1동,27079,1.73,15653,26103,1.73,15088,24417,1.51,16170,23919,1.51,15840,24070,1.51,15940
합계,강동구,고덕2동,19345,2.01,9624,22568,2.01,11228,22329,2.5,8932,22764,2.5,9106,22942,2.5,9177
합계,강동구,암사2동,14774,1.18,12520,15507,1.18,13142,15252,1.18,12925,15069,1.18,12770,14950,1.18,12669
합계,강동구,암사3동,18693,2.51,7447,18420,2.51,7339,17947,2.51,7150,17481,2.51,6965,17220,2.51,6861
합계,강동구,천호1동,28400,0.71,40000,27745,0.71,39077,26973,0.71,37990,26670,0.71,37563,26265,0.71,36993
합계,강동구,천호3동,27996,0.79,35438,27085,0.79,34285,27000,0.79,34177,26679,0.79,33771,26539,0.79,33594
합계,강동구,성내1동,20561,0.58,35450,20353,0.58,35091,20045,0.58,34560,19900,0.58,34310,19542,0.58,33693
합계,강동구,성내2동,25186,0.67,37591,24948,0.67,37236,24106,0.67,35979,23528,0.67,35116,24065,0.67,35918
합계,강동구,성내3동,23921,0.71,33692,23692,0.71,33369,23346,0.71,32882,23071,0.71,32494,22772,0.71,32073
합계,강동구,둔촌1동,283,0.92,308,262,0.92,285,144,0.92,157,73,0.92,79,61,0.92,66
합계,강동구,둔촌2동,27752,0.98,28318,26413,0.98,26952,24785,1.56,15888,24277,1.56,15562,24417,1.56,15652
합계,강동구,암사1동,36693,1.02,35974,35728,1.02,35027,34782,1.02,34100,34271,1.02,33599,34015,1.02,33348
합계,강동구,천호2동,35904,1.57,22869,35251,1.57,22453,33753,1.57,21499,33825,1.57,21545,33425,1.57,21290
합계,강동구,길동,46367,2.17,21367,46868,2.17,21598,45973,1.61,28555,45374,1.61,28183,45042,1.61,27976
합계,강동구,강일동,-,-,-,-,-,-,32982,2.26,14594,33057,2.26,14627,34283,2.26,15169
합계,강동구,상일1동,-,-,-,-,-,-,38929,1.82,21390,39178,1.82,21526,39440,1.82,21670
합계,강동구,상일2동,-,-,-,-,-,-,10200,1.09,9358,11933,1.09,10948,11786,1.09,10813
