날짜,원/미국달러(매매기준율),원/위안(매매기준율),원/일본엔(100엔)
2018-12-31,"1,118.10",162.76,"1,013.18"
2019-01-02,"1,118.10",162.76,"1,019.47"
2019-01-03,"1,119.00",163.02,"1,044.87"
2019-01-04,"1,127.50",163.74,"1,046.36"
2019-01-07,"1,125.20",163.72,"1,038.34"
2019-01-08,"1,118.00",163.21,"1,028.85"
2019-01-09,"1,121.70",163.55,"1,031.31"
2019-01-10,"1,121.60",163.81,"1,036.89"
2019-01-11,"1,118.90",164.6,"1,031.96"
2019-01-14,"1,117.60",165.36,"1,030.28"
2019-01-15,"1,121.40",165.95,"1,036.75"
2019-01-16,"1,120.10",165.83,"1,030.97"
2019-01-17,"1,122.00",165.61,"1,028.65"
2019-01-18,"1,121.40",165.67,"1,027.35"
2019-01-21,"1,121.30",165.29,"1,021.87"
2019-01-22,"1,126.50",165.66,"1,027.36"
2019-01-23,"1,130.20",165.92,"1,033.66"
2019-01-24,"1,128.20",165.85,"1,029.71"
2019-01-25,"1,128.00",166.05,"1,029.81"
2019-01-28,"1,125.10",165.73,"1,026.97"
2019-01-29,"1,116.90",165.63,"1,022.19"
2019-01-30,"1,118.10",165.6,"1,021.80"
2019-01-31,"1,117.20",165.89,"1,024.81"
2019-02-01,"1,111.60",165.55,"1,021.36"
2019-02-07,"1,116.80",165.86,"1,015.97"
2019-02-08,"1,123.40",165.75,"1,023.09"
2019-02-11,"1,124.50",165.5,"1,023.90"
2019-02-12,"1,124.50",165.8,"1,018.25"
2019-02-13,"1,124.60",165.47,"1,018.15"
2019-02-14,"1,121.70",165.73,"1,010.77"
2019-02-15,"1,125.00",166.06,"1,018.05"
2019-02-18,"1,127.70",166.18,"1,020.31"
2019-02-19,"1,124.70",166.17,"1,016.95"
2019-02-20,"1,127.50",166.32,"1,019.72"
2019-02-21,"1,122.60",166.84,"1,012.95"
2019-02-22,"1,124.40",167.65,"1,015.95"
2019-02-25,"1,125.70",167.3,"1,016.20"
2019-02-26,"1,120.80",167.69,"1,009.23"
2019-02-27,"1,118.30",167.11,"1,011.62"
2019-02-28,"1,117.80",167.14,"1,007.62"
2019-03-04,"1,119.90",167.49,"1,000.49"
2019-03-05,"1,125.00",168,"1,006.85"
2019-03-06,"1,125.80",167.89,"1,006.21"
2019-03-07,"1,127.80",167.93,"1,009.53"
2019-03-08,"1,128.30",167.91,"1,011.16"
2019-03-11,"1,134.00",168.35,"1,020.38"
2019-03-12,"1,134.50",168.47,"1,019.45"
2019-03-13,"1,128.70",167.89,"1,014.33"
2019-03-14,"1,131.50",168.58,"1,017.40"
2019-03-15,"1,132.70",168.62,"1,013.96"
2019-03-18,"1,136.10",169.05,"1,018.88"
2019-03-19,"1,133.70",168.82,"1,017.82"
2019-03-20,"1,130.90",168.3,"1,015.49"
2019-03-21,"1,130.40",168.24,"1,021.37"
2019-03-22,"1,125.80",168.48,"1,016.39"
2019-03-25,"1,129.80",168.5,"1,026.58"
2019-03-26,"1,134.90",168.89,"1,031.31"
2019-03-27,"1,132.10",168.59,"1,024.29"
2019-03-28,"1,134.70",168.78,"1,026.92"
2019-03-29,"1,137.80",168.74,"1,028.24"
2019-04-01,"1,136.10",168.69,"1,024.11"
2019-04-02,"1,132.70",168.74,"1,016.70"
2019-04-03,"1,135.80",168.97,"1,020.26"
2019-04-04,"1,134.90",168.96,"1,018.26"
2019-04-05,"1,135.50",169,"1,017.06"
2019-04-08,"1,136.40",169.27,"1,017.50"
2019-04-09,"1,141.40",169.76,"1,024.09"
2019-04-10,"1,142.80",170.06,"1,028.21"
2019-04-11,"1,141.20",169.89,"1,028.71"
2019-04-12,"1,139.20",169.61,"1,020.56"
2019-04-15,"1,140.50",169.48,"1,018.17"
2019-04-16,"1,133.90",168.96,"1,012.55"
2019-04-17,"1,135.70",169.26,"1,013.97"
2019-04-18,"1,136.10",169.49,"1,013.97"
2019-04-19,"1,136.20",169.84,"1,014.74"
2019-04-22,"1,137.10",169.62,"1,016.04"
2019-04-23,"1,140.80",170.04,"1,019.07"
2019-04-24,"1,141.10",169.84,"1,020.07"
2019-04-25,"1,146.90",170.65,"1,022.60"
2019-04-26,"1,158.70",171.88,"1,038.77"
2019-04-29,"1,159.70",172.2,"1,039.16"
2019-04-30,"1,158.20",171.93,"1,037.02"
2019-05-02,"1,163.80",172.49,"1,044.38"
2019-05-03,"1,163.90",172.75,"1,043.72"
2019-05-07,"1,169.40",173.48,"1,055.84"
2019-05-08,"1,169.80",172.15,"1,061.09"
2019-05-09,"1,169.90",172.32,"1,063.01"
2019-05-10,"1,175.80",172.19,"1,071.39"
2019-05-13,"1,178.10",172.36,"1,073.29"
2019-05-14,"1,183.10",171.84,"1,083.08"
2019-05-15,"1,187.00",172.14,"1,082.58"
2019-05-16,"1,189.40",172.23,"1,085.96"
2019-05-17,"1,189.80",172.07,"1,083.06"
2019-05-20,"1,192.70",171.99,"1,083.63"
2019-05-21,"1,192.90",172.04,"1,083.91"
2019-05-22,"1,193.30",172.22,"1,079.27"
2019-05-23,"1,194.60",172.33,"1,083.29"
2019-05-24,"1,191.20",171.7,"1,087.41"
2019-05-27,"1,189.60",171.74,"1,087.63"
2019-05-28,"1,184.10",171.37,"1,080.97"
2019-05-29,"1,187.60",171.76,"1,085.90"
2019-05-30,"1,193.10",172.29,"1,088.59"
2019-05-31,"1,190.00",171.77,"1,085.82"
2019-06-03,"1,191.20",171.75,"1,100.36"
2019-06-04,"1,183.00",170.6,"1,095.62"
2019-06-05,"1,181.50",170.77,"1,091.81"
2019-06-07,"1,179.80",170.35,"1,087.87"
2019-06-10,"1,179.50",170.09,"1,087.55"
2019-06-11,"1,184.00",170.22,"1,092.10"
2019-06-12,"1,181.70",170.47,"1,088.67"
2019-06-13,"1,181.70",170.61,"1,089.38"
2019-06-14,"1,184.70",171.09,"1,093.45"
2019-06-17,"1,184.00",170.74,"1,090.79"
2019-06-18,"1,186.30",171.15,"1,092.81"
2019-06-19,"1,185.00",170.88,"1,092.12"
2019-06-20,"1,177.00",170.4,"1,089.16"
2019-06-21,"1,167.70",169.62,"1,087.90"
2019-06-24,"1,162.00",169.47,"1,082.19"
2019-06-25,"1,157.90",168.36,"1,078.97"
2019-06-26,"1,154.70",167.85,"1,077.35"
2019-06-27,"1,158.20",168.21,"1,075.00"
2019-06-28,"1,156.80",168.08,"1,073.35"
2019-07-01,"1,156.40",168.31,"1,066.74"
2019-07-02,"1,155.40",169.05,"1,066.80"
2019-07-03,"1,164.80",169.86,"1,079.97"
2019-07-04,"1,170.40",169.99,"1,085.87"
2019-07-05,"1,169.20",170.17,"1,084.60"
2019-07-08,"1,170.40",170.1,"1,078.56"
2019-07-09,"1,178.50",171.04,"1,083.63"
2019-07-10,"1,179.90",171.32,"1,083.52"
2019-07-11,"1,181.40",171.5,"1,090.41"
2019-07-12,"1,173.80",170.67,"1,081.99"
2019-07-15,"1,177.30",171.17,"1,091.15"
2019-07-16,"1,179.20",171.4,"1,093.42"
2019-07-17,"1,178.50",171.39,"1,088.63"
2019-07-18,"1,180.40",171.43,"1,093.32"
2019-07-19,"1,179.50",171.27,"1,097.77"
2019-07-22,"1,173.40",170.64,"1,088.65"
2019-07-23,"1,177.60",171.08,"1,091.33"
2019-07-24,"1,178.40",171.19,"1,089.04"
2019-07-25,"1,178.20",171.11,"1,089.06"
2019-07-26,"1,179.80",171.56,"1,085.72"
2019-07-29,"1,184.20",172.17,"1,090.07"
2019-07-30,"1,183.40",171.79,"1,087.23"
2019-07-31,"1,182.00",171.57,"1,088.45"
2019-08-01,"1,181.90",171.49,"1,086.45"
2019-08-02,"1,188.50",171.93,"1,106.04"
2019-08-05,"1,194.80",171.75,"1,121.40"
2019-08-06,"1,211.80",171.52,"1,146.83"
2019-08-07,"1,214.30",171.42,"1,141.63"
2019-08-08,"1,214.50",171.59,"1,143.44"
2019-08-09,"1,211.30",171.28,"1,144.73"
2019-08-12,"1,209.70",170.94,"1,146.04"
2019-08-13,"1,215.60",171.37,"1,154.91"
2019-08-14,"1,218.90",171.71,"1,142.84"
2019-08-16,"1,211.70",172.31,"1,141.55"
2019-08-19,"1,213.30",172.14,"1,139.68"
2019-08-20,"1,210.70",171.72,"1,135.69"
2019-08-21,"1,210.20",171.13,"1,138.90"
2019-08-22,"1,204.00",170.24,"1,129.40"
2019-08-23,"1,205.10",170.23,"1,131.92"
2019-08-26,"1,212.20",170.86,"1,155.08"
2019-08-27,"1,218.20",169.98,"1,148.11"
2019-08-28,"1,213.10",169.2,"1,146.87"
2019-08-29,"1,213.50",169.36,"1,144.33"
2019-08-30,"1,215.20",169.48,"1,140.66"
2019-09-02,"1,209.60",168.99,"1,139.57"
2019-09-03,"1,211.90",169,"1,141.20"
2019-09-04,"1,215.20",169.12,"1,146.74"
2019-09-05,"1,209.70",168.72,"1,137.47"
2019-09-06,"1,199.60",168.01,"1,120.96"
2019-09-09,"1,196.90",167.49,"1,119.49"
2019-09-10,"1,192.40",167.44,"1,112.00"
2019-09-11,"1,191.90",167.58,"1,108.59"
2019-09-16,"1,191.40",167.56,"1,105.14"
2019-09-17,"1,184.00",167.56,"1,095.13"
2019-09-18,"1,188.30",167.92,"1,099.16"
2019-09-19,"1,190.50",168.08,"1,098.15"
2019-09-20,"1,195.10",168.43,"1,106.22"
2019-09-23,"1,191.10",168.2,"1,106.46"
2019-09-24,"1,193.10",167.89,"1,109.40"
2019-09-25,"1,194.00",167.93,"1,114.59"
2019-09-26,"1,198.30",168.46,"1,112.32"
2019-09-27,"1,199.10",168.35,"1,112.13"
2019-09-30,"1,201.30",168.52,"1,113.40"
2019-10-01,"1,199.20",168.33,"1,109.70"
2019-10-02,"1,198.20",167.75,"1,112.17"
2019-10-04,"1,203.70",168.39,"1,126.37"
2019-10-07,"1,197.00",167.99,"1,120.52"
2019-10-08,"1,196.50",167.76,"1,115.51"
2019-10-10,"1,194.70",167.64,"1,115.55"
2019-10-11,"1,196.10",167.87,"1,108.48"
2019-10-14,"1,189.30",167.47,"1,096.13"
2019-10-15,"1,183.70",167.52,"1,092.13"
2019-10-16,"1,184.10",167.38,"1,087.93"
2019-10-17,"1,187.00",167.22,"1,091.75"
2019-10-18,"1,186.60",167.05,"1,092.99"
2019-10-21,"1,180.50",166.78,"1,089.42"
2019-10-22,"1,175.40",166.15,"1,082.32"
2019-10-23,"1,171.40",165.57,"1,079.68"
2019-10-24,"1,173.70",165.79,"1,080.11"
2019-10-25,"1,171.00",165.7,"1,078.02"
2019-10-28,"1,174.20",166.03,"1,080.27"
2019-10-29,"1,169.60",165.66,"1,073.32"
2019-10-30,"1,166.50",165.29,"1,071.51"
2019-10-31,"1,168.40",165.45,"1,074.05"
2019-11-01,"1,161.70",164.93,"1,075.50"
2019-11-04,"1,167.60",165.61,"1,078.86"
2019-11-05,"1,160.40",165.08,"1,068.51"
2019-11-06,"1,160.10",165.23,"1,062.70"
2019-11-07,"1,157.50",165.5,"1,062.51"
2019-11-08,"1,160.60",165.41,"1,062.09"
2019-11-11,"1,156.10",165.63,"1,058.46"
2019-11-12,"1,161.30",165.93,"1,064.88"
2019-11-13,"1,163.50",166.18,"1,067.68"
2019-11-14,"1,167.60",166.32,"1,073.41"
2019-11-15,"1,170.40",166.67,"1,079.75"
2019-11-18,"1,166.30",166.36,"1,072.61"
2019-11-19,"1,164.50",165.97,"1,071.45"
2019-11-20,"1,168.60",166.25,"1,077.80"
2019-11-21,"1,170.10",166.37,"1,078.53"
2019-11-22,"1,176.50",167.05,"1,083.43"
2019-11-25,"1,177.80",167.47,"1,083.48"
2019-11-26,"1,176.20",167.22,"1,079.73"
2019-11-27,"1,174.40",167.25,"1,076.79"
2019-11-28,"1,176.00",167.46,"1,075.30"
2019-11-29,"1,179.30",167.87,"1,076.89"
2019-12-02,"1,180.30",167.84,"1,077.75"
2019-12-03,"1,180.40",167.95,"1,082.69"
2019-12-04,"1,186.20",168.56,"1,091.81"
2019-12-05,"1,193.70",168.83,"1,096.60"
2019-12-06,"1,190.20",168.82,"1,094.49"
2019-12-09,"1,189.70",168.88,"1,095.49"
2019-12-10,"1,189.30",169.11,"1,095.37"
2019-12-11,"1,192.00",169.45,"1,095.74"
2019-12-12,"1,193.30",169.64,"1,099.36"
2019-12-13,"1,188.60",169.12,"1,085.23"
2019-12-16,"1,171.70",168.14,"1,071.46"
2019-12-17,"1,172.90",167.54,"1,070.16"
2019-12-18,"1,166.70",166.78,"1,065.33"
2019-12-19,"1,165.30",166.4,"1,063.57"
2019-12-20,"1,164.50",166.42,"1,064.78"
2019-12-23,"1,162.60",166.14,"1,061.98"
2019-12-24,"1,161.70",165.8,"1,061.88"
2019-12-26,"1,163.70",166.01,"1,063.76"
2019-12-27,"1,161.20",166.09,"1,059.92"
2019-12-30,"1,160.90",165.87,"1,060.72"
2019-12-31,"1,157.80",165.74,"1,063.47"
2020-01-02,"1,157.80",165.74,"1,065.67"
2020-01-03,"1,156.90",166.12,"1,065.53"
2020-01-06,"1,162.70",166.65,"1,078.42"
2020-01-07,"1,169.60",167.76,"1,079.02"
2020-01-08,"1,165.30",167.53,"1,074.95"
2020-01-09,"1,174.10",168.73,"1,076.12"
2020-01-10,"1,160.00",167.5,"1,059.60"
2020-01-13,"1,161.10",167.61,"1,059.93"
2020-01-14,"1,155.70",167.37,"1,051.35"
2020-01-15,"1,153.10",167.71,"1,048.42"
2020-01-16,"1,158.80",168,"1,054.37"
2020-01-17,"1,159.60",168.35,"1,052.32"
2020-01-20,"1,158.80",168.58,"1,051.83"
2020-01-21,"1,158.80",168.94,"1,051.78"
2020-01-22,"1,164.70",169.06,"1,059.97"
2020-01-23,"1,165.10",168.69,"1,060.87"
2020-01-28,"1,167.20",168.65,"1,071.37"
2020-01-29,"1,176.70",168.71,"1,078.30"
2020-01-30,"1,176.00",169,"1,078.45"
2020-01-31,"1,183.50",169.55,"1,086.68"
2020-02-03,"1,187.80",170.06,"1,096.21"
2020-02-04,"1,196.00",170.61,"1,101.24"
2020-02-05,"1,189.40",169.72,"1,086.36"
2020-02-06,"1,188.50",169.77,"1,082.27"
2020-02-07,"1,181.40",169.55,"1,074.05"
2020-02-10,"1,187.20",170.06,"1,081.58"
2020-02-11,"1,189.80",170.01,"1,084.05"
2020-02-12,"1,184.10",169.63,"1,078.42"
2020-02-13,"1,179.80",169.29,"1,071.86"
2020-02-14,"1,181.50",169.09,"1,076.00"
2020-02-17,"1,183.50",169.42,"1,077.62"
2020-02-18,"1,182.20",169.36,"1,076.54"
2020-02-19,"1,188.10",169.88,"1,081.27"
2020-02-20,"1,190.80",169.88,"1,070.19"
2020-02-21,"1,197.00",170.36,"1,068.13"
2020-02-24,"1,205.60",171.2,"1,081.79"
2020-02-25,"1,217.70",172.99,"1,099.26"
2020-02-26,"1,212.70",172.66,"1,100.25"
2020-02-27,"1,216.80",173.04,"1,101.92"
2020-02-28,"1,215.90",173.08,"1,109.95"
2020-03-02,"1,215.30",173.26,"1,130.25"
2020-03-03,"1,200.30",171.78,"1,108.46"
2020-03-04,"1,191.40",170.95,"1,114.55"
2020-03-05,"1,186.40",170.99,"1,103.27"
2020-03-06,"1,185.00",170.72,"1,116.82"
2020-03-09,"1,191.40",171.24,"1,144.97"
2020-03-10,"1,201.40",173.46,"1,172.73"
2020-03-11,"1,196.70",172.39,"1,138.58"
2020-03-12,"1,192.80",171.43,"1,138.77"
2020-03-13,"1,202.00",172.41,"1,145.91"
2020-03-16,"1,222.20",174.28,"1,149.39"
2020-03-17,"1,219.60",174.18,"1,148.24"
2020-03-18,"1,241.20",177.35,"1,156.70"
2020-03-19,"1,237.80",176.1,"1,145.00"
2020-03-20,"1,280.10",180.44,"1,154.65"
2020-03-23,"1,254.10",176.51,"1,130.48"
2020-03-24,"1,274.60",179.26,"1,147.98"
2020-03-25,"1,256.00",176.86,"1,128.84"
2020-03-26,"1,230.70",173.76,"1,109.04"
2020-03-27,"1,227.90",172.23,"1,123.58"
2020-03-30,"1,212.40",171.1,"1,125.35"
2020-03-31,"1,222.60",172.43,"1,130.83"
2020-04-01,"1,220.00",171.96,"1,132.93"
2020-04-02,"1,222.20",172.01,"1,139.69"
2020-04-03,"1,237.60",173.67,"1,144.23"
2020-04-06,"1,229.80",173.18,"1,132.88"
2020-04-07,"1,233.40",173.54,"1,129.49"
2020-04-08,"1,222.40",172.42,"1,124.51"
2020-04-09,"1,219.70",172.45,"1,119.97"
2020-04-10,"1,216.40",171.95,"1,120.80"
2020-04-13,"1,212.30",172.07,"1,118.62"
2020-04-14,"1,218.70",172.75,"1,131.67"
2020-04-16,"1,216.70",172.6,"1,131.87"
2020-04-17,"1,227.50",173.31,"1,136.47"
2020-04-20,"1,219.30",172.16,"1,133.23"
2020-04-21,"1,218.70",172.04,"1,131.10"
2020-04-22,"1,231.30",173.68,"1,142.95"
2020-04-23,"1,235.20",174.12,"1,146.20"
2020-04-24,"1,232.00",173.73,"1,145.03"
2020-04-27,"1,235.80",174.24,"1,150.28"
2020-04-28,"1,230.30",173.71,"1,147.19"
2020-04-29,"1,225.20",172.83,"1,147.14"
2020-05-04,"1,218.50",171.99,"1,140.65"
2020-05-06,"1,227.80",171.95,"1,153.13"
2020-05-07,"1,223.30",172.14,"1,153.19"
2020-05-08,"1,226.50",172.29,"1,153.86"
2020-05-11,"1,217.70",171.84,"1,139.69"
2020-05-12,"1,217.80",171.69,"1,131.21"
2020-05-13,"1,226.70",172.63,"1,144.15"
2020-05-14,"1,226.30",172.64,"1,145.59"
2020-05-15,"1,227.90",172.69,"1,144.74"
2020-05-18,"1,229.30",172.79,"1,146.15"
2020-05-19,"1,231.60",172.84,"1,147.28"
2020-05-20,"1,224.50",171.99,"1,135.43"
2020-05-21,"1,227.80",172.53,"1,141.24"
2020-05-22,"1,230.70",173.1,"1,143.88"
2020-05-25,"1,236.20",173.25,"1,148.08"
2020-05-26,"1,242.00",173.72,"1,152.83"
2020-05-27,"1,237.10",173,"1,150.63"
2020-05-28,"1,233.70",172.15,"1,144.91"
2020-05-29,"1,239.40",172.63,"1,150.63"
2020-06-01,"1,237.60",172.62,"1,149.12"
2020-06-02,"1,227.80",172.18,"1,141.66"
2020-06-03,"1,224.10",171.8,"1,126.39"
2020-06-04,"1,216.90",171.09,"1,116.52"
2020-06-05,"1,217.40",170.8,"1,114.89"
2020-06-08,"1,213.10",170.63,"1,106.29"
2020-06-09,"1,204.20",170.06,"1,110.53"
2020-06-10,"1,197.70",169.25,"1,111.30"
2020-06-11,"1,194.40",168.77,"1,117.20"
2020-06-12,"1,192.80",168.84,"1,116.91"
2020-06-15,"1,206.60",170.4,"1,123.62"
2020-06-16,"1,210.80",170.71,"1,127.27"
2020-06-17,"1,206.60",170.82,"1,123.73"
2020-06-18,"1,214.50",171.61,"1,135.26"
2020-06-19,"1,213.00",171.27,"1,133.91"
2020-06-22,"1,212.00",171.18,"1,134.57"
2020-06-23,"1,213.20",171.48,"1,134.63"
2020-06-24,"1,210.10",171.23,"1,136.83"
2020-06-25,"1,202.90",170.22,"1,123.52"
2020-06-26,"1,205.20",170.33,"1,124.62"
2020-06-29,"1,198.60",169.33,"1,118.25"
2020-06-30,"1,200.70",169.66,"1,116.05"
2020-07-01,"1,198.50",169.43,"1,110.08"
2020-07-02,"1,201.60",169.91,"1,118.39"
2020-07-03,"1,201.00",169.85,"1,116.85"
2020-07-06,"1,200.40",169.9,"1,115.92"
2020-07-07,"1,196.80",169.69,"1,114.86"
2020-07-08,"1,192.90",170.24,"1,108.90"
2020-07-09,"1,195.80",170.27,"1,114.60"
2020-07-10,"1,194.50",171.01,"1,114.06"
2020-07-13,"1,202.40",171.63,"1,125.05"
2020-07-14,"1,200.30",171.49,"1,118.69"
2020-07-15,"1,206.40",172.1,"1,124.53"
2020-07-16,"1,200.70",171.59,"1,123.25"
2020-07-17,"1,204.10",172.22,"1,121.92"
2020-07-20,"1,205.70",172.26,"1,126.51"
2020-07-21,"1,203.70",172.18,"1,122.28"
2020-07-22,"1,198.10",171.43,"1,121.45"
2020-07-23,"1,193.70",171.26,"1,113.79"
2020-07-24,"1,198.50",171.04,"1,121.82"
2020-07-27,"1,201.30",171.15,"1,133.03"
2020-07-28,"1,196.60",170.78,"1,135.89"
2020-07-29,"1,195.10",170.75,"1,137.05"
2020-07-30,"1,195.20",170.65,"1,138.39"
2020-07-31,"1,191.40",170.26,"1,137.32"
2020-08-03,"1,189.10",170.01,"1,123.97"
2020-08-04,"1,193.70",170.99,"1,125.87"
2020-08-05,"1,193.50",170.86,"1,128.45"
2020-08-06,"1,190.30",170.91,"1,127.12"
2020-08-07,"1,184.30",170.64,"1,122.45"
2020-08-10,"1,185.90",170.42,"1,119.88"
2020-08-11,"1,186.70",170.37,"1,119.90"
2020-08-12,"1,184.90",170.41,"1,112.63"
2020-08-13,"1,186.00",170.64,"1,109.81"
2020-08-14,"1,183.60",170.66,"1,106.48"
2020-08-18,"1,185.80",170.76,"1,118.42"
2020-08-19,"1,185.10",171.1,"1,124.44"
2020-08-20,"1,182.30",171.1,"1,115.11"
2020-08-21,"1,186.30",171.55,"1,121.90"
2020-08-24,"1,185.30",171.75,"1,119.42"
2020-08-25,"1,190.00",172.09,"1,122.96"
2020-08-26,"1,186.30",171.75,"1,115.21"
2020-08-27,"1,187.00",172.04,"1,120.87"
2020-08-28,"1,185.70",172.34,"1,112.60"
2020-08-31,"1,185.10",172.31,"1,123.00"
2020-09-01,"1,183.30",172.74,"1,117.32"
2020-09-02,"1,184.60",173.48,"1,118.39"
2020-09-03,"1,186.20",173.67,"1,116.69"
2020-09-04,"1,187.50",173.69,"1,119.28"
2020-09-07,"1,190.20",173.9,"1,119.92"
2020-09-08,"1,187.20",173.77,"1,116.79"
2020-09-09,"1,187.90",173.8,"1,120.50"
2020-09-10,"1,189.60",173.59,"1,120.20"
2020-09-11,"1,185.30",173.39,"1,116.57"
2020-09-14,"1,188.30",173.81,"1,119.77"
2020-09-15,"1,184.20",173.45,"1,119.97"
2020-09-16,"1,180.50",173.9,"1,120.07"
2020-09-17,"1,177.80",173.88,"1,121.66"
2020-09-18,"1,175.40",173.69,"1,122.48"
2020-09-21,"1,163.60",172.24,"1,113.44"
2020-09-22,"1,160.60",171.85,"1,108.34"
2020-09-23,"1,163.90",171.4,"1,108.79"
2020-09-24,"1,164.40",171.39,"1,104.90"
2020-09-25,"1,170.30",171.54,"1,110.18"
2020-09-28,"1,170.50",171.57,"1,108.59"
2020-09-29,"1,173.50",171.9,"1,112.06"
2020-10-05,"1,169.50",171.37,"1,108.48"
2020-10-06,"1,163.40",172.58,"1,100.19"
2020-10-07,"1,160.00",172.52,"1,098.22"
2020-10-08,"1,162.50",172.28,"1,096.91"
2020-10-12,"1,156.20",171.73,"1,094.63"
2020-10-13,"1,148.30",170.93,"1,090.04"
2020-10-14,"1,149.50",170.31,"1,089.68"
2020-10-15,"1,145.70",170.05,"1,089.38"
2020-10-16,"1,144.60",170.66,"1,086.22"
2020-10-19,"1,145.60",170.61,"1,086.70"
2020-10-20,"1,142.20",170.65,"1,083.01"
2020-10-21,"1,139.70",170.62,"1,080.03"
2020-10-22,"1,133.70",170.52,"1,083.90"
2020-10-23,"1,134.10",170.4,"1,081.28"
2020-10-26,"1,134.60",169.96,"1,083.51"
2020-10-27,"1,129.10",169.09,"1,076.72"
2020-10-28,"1,127.60",168.44,"1,078.99"
2020-10-29,"1,129.30",168.23,"1,082.28"
2020-10-30,"1,133.40",168.81,"1,083.50"
2020-11-02,"1,130.40",168.7,"1,080.07"
2020-11-03,"1,134.70",169.57,"1,083.30"
2020-11-04,"1,134.60",169.61,"1,083.82"
2020-11-05,"1,136.50",169.46,"1,087.61"
2020-11-06,"1,130.90",170.17,"1,091.66"
2020-11-09,"1,124.40",170,"1,089.06"
2020-11-10,"1,115.60",169.71,"1,059.60"
2020-11-11,"1,115.90",168.95,"1,059.89"
2020-11-12,"1,112.40",168.86,"1,055.46"
2020-11-13,"1,113.20",168.32,"1,059.53"
2020-11-16,"1,115.10",168.46,"1,065.40"
2020-11-17,"1,108.00",168.43,"1,059.73"
2020-11-18,"1,106.80",168.6,"1,062.34"
2020-11-19,"1,105.90",168.79,"1,065.26"
2020-11-20,"1,112.20",169.73,"1,071.54"
2020-11-23,"1,114.20",169.51,"1,072.84"
2020-11-24,"1,112.60",169.69,"1,064.49"
2020-11-25,"1,111.20",169.01,"1,063.09"
2020-11-26,"1,107.20",168.35,"1,060.28"
2020-11-27,"1,105.80",168.56,"1,060.77"
2020-11-30,"1,104.40",168.02,"1,061.57"
2020-12-01,"1,104.90",168.03,"1,058.74"
2020-12-02,"1,107.10",168.44,"1,061.30"
2020-12-03,"1,103.30",168.34,"1,056.14"
2020-12-04,"1,098.10",167.56,"1,057.34"
2020-12-07,"1,086.60",166.42,"1,042.55"
2020-12-08,"1,082.70",166.08,"1,041.01"
2020-12-09,"1,084.40",166.18,"1,040.99"
2020-12-10,"1,083.60",166.42,"1,039.08"
2020-12-11,"1,086.20",166.34,"1,041.97"
2020-12-14,"1,089.30",166.75,"1,047.45"
2020-12-15,"1,090.80",167.08,"1,048.59"
2020-12-16,"1,093.20",167.29,"1,054.45"
2020-12-17,"1,092.20",167.41,"1,055.83"
2020-12-18,"1,092.80",167.83,"1,059.68"
2020-12-21,"1,097.90",168.5,"1,061.85"
2020-12-22,"1,101.20",168.42,"1,065.66"
2020-12-23,"1,106.60",169.18,"1,068.10"
2020-12-24,"1,108.90",169.57,"1,070.73"
2020-12-28,"1,103.70",169.25,"1,065.50"
2020-12-29,"1,098.20",168.22,"1,058.40"
2020-12-30,"1,093.20",167.56,"1,056.18"
2020-12-31,"1,088.00",166.96,"1,054.26"
2021-01-04,"1,088.00",166.96,"1,053.80"
2021-01-05,"1,083.10",167.55,"1,050.08"
2021-01-06,"1,086.10",168.7,"1,057.49"
2021-01-07,"1,086.80",168.86,"1,054.48"
2021-01-08,"1,087.70",168.9,"1,047.68"
2021-01-11,"1,094.40",169.41,"1,052.36"
2021-01-12,"1,097.80",169.34,"1,053.50"
2021-01-13,"1,099.90",170.07,"1,059.68"
2021-01-14,"1,095.00",169.84,"1,054.25"
2021-01-15,"1,100.30",170.2,"1,059.97"
2021-01-18,"1,097.90",169.75,"1,057.35"
2021-01-19,"1,104.40",170.19,"1,065.15"
2021-01-20,"1,102.10",169.66,"1,060.78"
2021-01-21,"1,100.00",169.95,"1,062.39"
2021-01-22,"1,099.20",170.2,"1,062.13"
2021-01-25,"1,102.30",170.32,"1,061.79"
2021-01-26,"1,103.20",170.03,"1,063.27"
2021-01-27,"1,103.00",170.1,"1,064.36"
2021-01-28,"1,104.00",170.71,"1,060.57"
2021-01-29,"1,114.60",171.45,"1,069.26"
2021-02-01,"1,117.20",172.37,"1,066.13"
2021-02-02,"1,118.00",172.97,"1,065.42"
2021-02-03,"1,116.60",172.54,"1,063.18"
2021-02-04,"1,114.00",172.48,"1,060.80"
2021-02-05,"1,116.70",172.76,"1,057.73"
2021-02-08,"1,124.00",173.64,"1,066.31"
2021-02-09,"1,119.10",173.31,"1,063.53"
2021-02-10,"1,116.00",173.26,"1,067.23"
2021-02-15,"1,110.10",172.78,"1,057.49"
2021-02-16,"1,103.10",172.1,"1,047.13"
2021-02-17,"1,099.70",171.58,"1,035.45"
2021-02-18,"1,107.70",172.1,"1,046.23"
2021-02-19,"1,105.70",171.71,"1,046.22"
2021-02-22,"1,107.10",171.5,"1,049.04"
2021-02-23,"1,106.50",171.4,"1,053.81"
2021-02-24,"1,110.80",171.9,"1,055.44"
2021-02-25,"1,110.20",171.84,"1,048.30"
2021-02-26,"1,108.40",171.86,"1,043.15"
2021-03-02,"1,121.80",173.16,"1,050.62"
2021-03-03,"1,121.30",173.27,"1,050.64"
2021-03-04,"1,122.90",173.63,"1,049.00"
2021-03-05,"1,126.20",174.03,"1,042.83"
2021-03-08,"1,129.40",174.11,"1,042.12"
2021-03-09,"1,131.30",173.59,"1,038.37"
2021-03-10,"1,141.10",174.34,"1,051.08"
2021-03-11,"1,140.70",174.99,"1,051.97"
2021-03-12,"1,137.30",174.84,"1,047.58"
2021-03-15,"1,130.70",174.5,"1,036.15"
2021-03-16,"1,135.90",174.61,"1,040.82"
2021-03-17,"1,132.50",174.29,"1,039.04"
2021-03-18,"1,131.80",174.04,"1,039.92"
2021-03-19,"1,123.70",173.13,"1,031.34"
2021-03-22,"1,131.80",173.72,"1,039.40"
2021-03-23,"1,131.30",173.66,"1,039.85"
2021-03-24,"1,128.00",173.35,"1,038.48"
2021-03-25,"1,133.50",173.68,"1,042.44"
2021-03-26,"1,134.20",173.58,"1,038.98"
2021-03-29,"1,131.80",173.02,"1,030.92"
2021-03-30,"1,131.70",172.9,"1,030.04"
2021-03-31,"1,133.50",172.35,"1,027.33"
2021-04-01,"1,132.60",172.28,"1,022.25"
2021-04-02,"1,129.30",171.76,"1,020.88"
2021-04-05,"1,127.50",171.66,"1,018.47"
2021-04-06,"1,127.80",171.44,"1,023.41"
2021-04-07,"1,122.90",171.32,"1,023.00"
2021-04-08,"1,116.40",170.6,"1,016.25"
2021-04-09,"1,118.50",170.6,"1,023.00"
2021-04-12,"1,117.20",170.34,"1,018.09"
2021-04-13,"1,124.30",171.42,"1,027.74"
2021-04-14,"1,126.10",171.9,"1,032.98"
2021-04-15,"1,119.90",171.1,"1,027.86"
2021-04-16,"1,117.60",170.96,"1,027.73"
2021-04-19,"1,117.90",171.07,"1,027.81"
2021-04-20,"1,118.20",171.36,"1,033.89"
2021-04-21,"1,113.40",171.34,"1,030.12"
2021-04-22,"1,117.40",171.95,"1,034.44"
2021-04-23,"1,116.30",172.1,"1,033.75"
2021-04-26,"1,118.90",172.38,"1,037.03"
2021-04-27,"1,114.00",171.87,"1,029.62"
2021-04-28,"1,110.80",171.54,"1,021.38"
2021-04-29,"1,112.50",171.57,"1,024.92"
2021-04-30,"1,107.40",171.2,"1,016.90"
2021-05-03,"1,109.60",171.48,"1,015.05"
2021-05-04,"1,119.30",172.71,"1,026.27"
2021-05-06,"1,121.10",173.21,"1,026.51"
2021-05-07,"1,125.50",173.61,"1,032.05"
2021-05-10,"1,121.40",173.61,"1,033.12"
2021-05-11,"1,114.60",173.48,"1,024.21"
2021-05-12,"1,119.10",174.29,"1,029.96"
2021-05-13,"1,123.50",174.62,"1,024.48"
2021-05-14,"1,130.60",175.21,"1,032.75"
2021-05-17,"1,129.50",175.24,"1,032.50"
2021-05-18,"1,133.00",175.95,"1,037.59"
2021-05-20,"1,133.10",176.03,"1,037.40"
2021-05-21,"1,132.20",175.85,"1,040.48"
2021-05-24,"1,126.90",175.25,"1,034.57"
2021-05-25,"1,127.60",175.31,"1,036.25"
2021-05-26,"1,122.80",175.24,"1,032.13"
2021-05-27,"1,118.60",174.89,"1,024.88"
2021-05-28,"1,118.00",175.2,"1,017.71"
2021-05-31,"1,116.00",175.22,"1,015.70"
2021-06-01,"1,113.50",174.97,"1,016.62"
2021-06-02,"1,107.00",173.78,"1,011.19"
2021-06-03,"1,110.30",173.81,"1,013.19"
2021-06-04,"1,111.80",174.15,"1,008.02"
2021-06-07,"1,117.50",174.52,"1,019.71"
2021-06-08,"1,111.20",173.76,"1,016.88"
2021-06-09,"1,113.70",174.4,"1,017.12"
2021-06-10,"1,115.80",174.38,"1,017.74"
2021-06-11,"1,115.00",174.65,"1,019.62"
2021-06-14,"1,111.20",174.13,"1,012.90"
2021-06-15,"1,116.40",174.4,"1,014.31"
2021-06-16,"1,117.80",174.57,"1,015.63"
2021-06-17,"1,117.70",174.53,"1,009.44"
2021-06-18,"1,129.50",175.73,"1,024.26"
2021-06-21,"1,132.20",175.43,"1,027.54"
2021-06-22,"1,135.40",175.59,"1,029.05"
2021-06-23,"1,132.40",175.18,"1,023.41"
2021-06-24,"1,135.60",175.23,"1,023.39"
2021-06-25,"1,135.80",175.23,"1,024.40"
2021-06-28,"1,128.80",174.56,"1,018.82"
2021-06-29,"1,129.90",174.77,"1,021.56"
2021-06-30,"1,130.00",174.84,"1,022.12"
2021-07-01,"1,129.50",174.86,"1,016.65"
2021-07-02,"1,132.20",175.01,"1,014.93"
2021-07-05,"1,134.50",175.06,"1,020.92"
2021-07-06,"1,130.30",174.71,"1,018.84"
2021-07-07,"1,131.80",175.14,"1,023.00"
2021-07-08,"1,137.60",175.51,"1,028.48"
2021-07-09,"1,143.40",176.51,"1,041.21"
2021-07-12,"1,148.30",176.91,"1,042.35"
2021-07-13,"1,146.40",177,"1,039.02"
2021-07-14,"1,145.10",176.88,"1,035.40"
2021-07-15,"1,150.30",177.51,"1,045.87"
2021-07-16,"1,143.70",177.01,"1,041.48"
2021-07-19,"1,141.10",176.45,"1,037.60"
2021-07-20,"1,145.70",176.67,"1,046.25"
2021-07-21,"1,151.00",177.26,"1,047.41"
2021-07-22,"1,150.60",177.59,"1,043.30"
2021-07-23,"1,151.00",177.89,"1,044.99"
2021-07-26,"1,149.50",177.56,"1,039.85"
2021-07-27,"1,153.20",177.76,"1,044.90"
2021-07-28,"1,150.20",177.6,"1,047.68"
2021-07-29,"1,154.80",177.24,"1,050.82"
2021-07-30,"1,147.40",177.12,"1,048.48"
2021-08-02,"1,147.50",177.57,"1,045.61"
2021-08-03,"1,151.50",178.16,"1,053.28"
2021-08-04,"1,150.70",178.06,"1,055.64"
2021-08-05,"1,145.80",177.38,"1,046.54"
2021-08-06,"1,143.50",176.85,"1,041.68"
2021-08-09,"1,142.30",176.76,"1,035.96"
2021-08-10,"1,145.00",176.78,"1,037.84"
2021-08-11,"1,148.50",177.15,"1,038.76"
2021-08-12,"1,155.00",178.03,"1,045.96"
2021-08-13,"1,158.90",178.82,"1,049.82"
2021-08-17,"1,167.80",180.19,"1,068.97"
2021-08-18,"1,174.90",181.57,"1,071.94"
2021-08-19,"1,172.70",180.42,"1,068.08"
2021-08-20,"1,174.50",180.77,"1,069.92"
2021-08-23,"1,176.70",181.04,"1,070.94"
2021-08-24,"1,174.00",180.71,"1,070.34"
2021-08-25,"1,168.00",180.02,"1,064.77"
2021-08-26,"1,166.50",180.2,"1,060.31"
2021-08-27,"1,168.10",180.56,"1,061.47"
2021-08-30,"1,170.80",180.5,"1,065.87"
2021-08-31,"1,164.40",180.09,"1,058.88"
2021-09-01,"1,162.80",179.97,"1,057.04"
2021-09-02,"1,157.50",179.17,"1,051.84"
2021-09-03,"1,159.70",179.72,"1,054.70"
2021-09-06,"1,156.40",179.19,"1,053.72"
2021-09-07,"1,157.30",179.49,"1,053.67"
2021-09-08,"1,157.90",179.46,"1,049.82"
2021-09-09,"1,164.50",180.19,"1,056.28"
2021-09-10,"1,170.10",181.16,"1,065.81"
2021-09-13,"1,170.40",181.44,"1,065.36"
2021-09-14,"1,174.30",182.19,"1,067.40"
2021-09-15,"1,172.20",181.94,"1,068.40"
2021-09-16,"1,171.70",181.93,"1,071.66"
2021-09-17,"1,169.10",181.9,"1,065.58"
2021-09-23,"1,177.60",182.5,"1,072.64"
2021-09-24,"1,181.70",182.19,"1,071.45"
2021-09-27,"1,175.30",181.89,"1,060.79"
2021-09-28,"1,175.90",182.07,"1,059.37"
2021-09-29,"1,182.00",183.03,"1,059.38"
2021-09-30,"1,184.90",183.03,"1,058.18"
2021-10-01,"1,185.20",183.08,"1,064.06"
2021-10-05,"1,187.20",183.91,"1,069.98"
2021-10-06,"1,187.10",183.99,"1,064.81"
2021-10-07,"1,190.00",184.36,"1,067.98"
2021-10-08,"1,190.30",184.38,"1,066.05"
2021-10-12,"1,193.40",185,"1,052.38"
2021-10-13,"1,199.10",185.74,"1,055.82"
2021-10-14,"1,195.00",185.12,"1,055.14"
2021-10-15,"1,188.30",184.65,"1,044.71"
2021-10-18,"1,182.80",183.79,"1,034.59"
2021-10-19,"1,185.80",184.4,"1,037.40"
2021-10-20,"1,181.70",184.32,"1,032.73"
2021-10-21,"1,175.60",183.82,"1,027.85"
2021-10-22,"1,175.80",184.04,"1,031.72"
2021-10-25,"1,178.40",184.34,"1,037.92"
2021-10-26,"1,171.80",183.28,"1,030.38"
2021-10-27,"1,166.30",182.66,"1,021.41"
2021-10-28,"1,168.10",183.22,"1,026.63"
2021-10-29,"1,171.70",183.08,"1,031.65"
2021-11-01,"1,169.60",183.12,"1,024.84"
2021-11-02,"1,176.30",183.78,"1,031.25"
2021-11-03,"1,175.50",183.8,"1,031.28"
2021-11-04,"1,181.10",184.55,"1,035.78"
2021-11-05,"1,180.00",184.4,"1,036.54"
2021-11-08,"1,185.20",185.21,"1,044.83"
2021-11-09,"1,184.30",185.15,"1,045.79"
2021-11-10,"1,178.40",184.36,"1,043.52"
2021-11-11,"1,181.00",184.81,"1,037.01"
2021-11-12,"1,184.70",185.15,"1,038.80"
2021-11-15,"1,179.60",184.48,"1,034.78"
2021-11-16,"1,180.20",185.04,"1,034.22"
2021-11-17,"1,179.60",185.07,"1,027.03"
2021-11-18,"1,183.60",185.37,"1,036.34"
2021-11-19,"1,180.50",185.07,"1,033.31"
2021-11-22,"1,183.50",185.33,"1,037.57"
2021-11-23,"1,187.40",185.94,"1,033.92"
2021-11-24,"1,188.90",186.13,"1,032.79"
2021-11-25,"1,188.50",186.07,"1,029.54"
2021-11-26,"1,189.70",186.14,"1,031.79"
2021-11-29,"1,193.00",186.64,"1,049.53"
2021-11-30,"1,193.40",186.8,"1,049.56"
2021-12-01,"1,187.70",186.26,"1,049.16"
2021-12-02,"1,180.30",185.1,"1,045.81"
2021-12-03,"1,177.30",184.83,"1,039.97"
2021-12-06,"1,178.60",184.95,"1,042.69"
2021-12-07,"1,183.70",185.73,"1,043.23"
2021-12-08,"1,181.20",185.41,"1,040.48"
2021-12-09,"1,176.40",184.93,"1,034.43"
2021-12-10,"1,173.80",185.12,"1,034.73"
2021-12-13,"1,178.20",184.86,"1,038.47"
2021-12-14,"1,178.80",185.14,"1,038.00"
2021-12-15,"1,183.60",185.77,"1,040.57"
2021-12-16,"1,186.20",186.03,"1,039.80"
2021-12-17,"1,183.50",185.6,"1,040.81"
2021-12-20,"1,184.40",185.93,"1,042.01"
2021-12-21,"1,189.80",186.04,"1,047.04"
2021-12-22,"1,191.50",186.53,"1,044.67"
2021-12-23,"1,191.20",186.72,"1,043.68"
2021-12-24,"1,187.50",186.47,"1,037.48"
2021-12-27,"1,186.40",186,"1,037.06"
2021-12-28,"1,186.20",186.09,"1,032.60"
2021-12-29,"1,186.70",186.13,"1,033.76"
2021-12-30,"1,186.60",186.2,"1,032.14"
2021-12-31,"1,185.50",186.26,"1,030.24"
2022-01-03,"1,185.50",186.26,"1,029.57"
2022-01-04,"1,190.80",187.36,"1,032.38"
2022-01-05,"1,194.30",187.43,"1,027.93"
2022-01-06,"1,198.20",187.94,"1,032.09"
2022-01-07,"1,199.60",188,"1,035.43"
2022-01-10,"1,202.40",188.18,"1,039.82"
2022-01-11,"1,200.00",188.21,"1,041.44"
2022-01-12,"1,195.20",187.35,"1,036.56"
2022-01-13,"1,189.90",186.84,"1,037.99"
2022-01-14,"1,188.20",186.73,"1,040.41"
2022-01-17,"1,187.60",186.63,"1,038.70"
2022-01-18,"1,192.30",187.64,"1,040.36"
2022-01-19,"1,188.90",187.29,"1,037.48"
2022-01-20,"1,191.80",187.38,"1,041.97"
2022-01-21,"1,190.40",187.65,"1,044.16"
2022-01-24,"1,193.60",188.04,"1,049.36"
2022-01-25,"1,194.20",188.43,"1,047.50"
2022-01-26,"1,197.80",189.1,"1,051.62"
2022-01-27,"1,197.00",189.12,"1,043.36"
2022-01-28,"1,202.40",189.34,"1,042.80"
2022-02-03,"1,205.70",189.59,"1,053.75"
2022-02-04,"1,205.40",189.39,"1,048.40"
2022-02-07,"1,199.50",188.82,"1,040.19"
2022-02-08,"1,199.40",188.52,"1,042.37"
2022-02-09,"1,197.80",188.31,"1,035.94"
2022-02-10,"1,196.00",187.81,"1,035.09"
2022-02-11,"1,196.00",187.96,"1,030.46"
2022-02-14,"1,199.60",188.44,"1,038.57"
2022-02-15,"1,198.30",188.31,"1,037.22"
2022-02-16,"1,198.50",188.45,"1,036.63"
2022-02-17,"1,196.90",188.81,"1,036.77"
2022-02-18,"1,197.10",189.01,"1,042.45"
2022-02-21,"1,196.40",188.86,"1,041.25"
2022-02-22,"1,194.60",189.1,"1,042.45"
2022-02-23,"1,194.70",188.58,"1,038.33"
2022-02-24,"1,192.10",188.51,"1,037.19"
2022-02-25,"1,199.40",189.68,"1,038.76"
2022-02-28,"1,202.70",190.41,"1,041.52"
2022-03-02,"1,205.60",190.83,"1,049.49"
2022-03-03,"1,205.00",190.85,"1,043.52"
2022-03-04,"1,203.60",190.37,"1,042.21"
2022-03-07,"1,211.50",191.63,"1,054.17"
2022-03-08,"1,225.40",193.82,"1,062.65"
2022-03-10,"1,234.50",195.37,"1,065.56"
2022-03-11,"1,228.70",194.35,"1,057.81"
2022-03-14,"1,232.40",194.87,"1,048.90"
2022-03-15,"1,238.60",194.77,"1,047.22"
2022-03-16,"1,241.70",194.25,"1,049.49"
2022-03-17,"1,240.40",194.7,"1,043.89"
2022-03-18,"1,220.60",192.05,"1,029.82"
2022-03-21,"1,211.10",190.5,"1,015.38"
2022-03-22,"1,213.70",190.32,"1,015.10"
2022-03-23,"1,221.40",191.59,"1,007.71"
2022-03-24,"1,212.70",190.01,"1,001.61"
2022-03-25,"1,219.40",190.91,996.53
2022-03-28,"1,218.30",191.11,995.79
2022-03-29,"1,225.70",191.83,988.27
2022-03-30,"1,220.50",191.3,992.48
2022-03-31,"1,210.80",190.02,992.74
2022-04-01,"1,210.70",190.44,993.88
2022-04-04,"1,216.10",191.27,991.64
2022-04-05,"1,216.70",191.13,991
2022-04-06,"1,212.60",190.3,981.11
2022-04-07,"1,219.10",191.13,984.14
2022-04-08,"1,218.50",191.41,981.47
2022-04-11,"1,224.00",192.44,984.2
2022-04-12,"1,232.00",193.2,982.03
2022-04-13,"1,236.60",193.77,985.69
2022-04-14,"1,227.70",192.34,977.82
2022-04-15,"1,224.20",192.02,971.55
2022-04-18,"1,230.10",192.79,971.91
2022-04-19,"1,232.80",193.24,969.45
2022-04-20,"1,234.90",193.45,956.06
2022-04-21,"1,237.10",192.58,967.13
2022-04-22,"1,236.40",191.43,963.42
2022-04-25,"1,241.70",191.55,964.61
2022-04-26,"1,247.10",189.83,974.03
2022-04-27,"1,248.30",190.2,980.79
2022-04-28,"1,263.10",191.67,982.92
2022-04-29,"1,269.40",192.03,970.16
2022-05-02,"1,265.40",189.91,973.35
2022-05-03,"1,265.80",189.55,972.23
2022-05-04,"1,265.70",189.51,972.75
2022-05-06,"1,261.80",189.72,968.94
2022-05-09,"1,272.70",189.74,973.87
2022-05-10,"1,274.60",188.87,977.57
2022-05-11,"1,275.50",189.34,978.48
2022-05-12,"1,277.00",189.27,982.95
2022-05-13,"1,286.40",189.87,"1,000.58"
2022-05-16,"1,286.00",188.43,993.86
2022-05-17,"1,281.60",188.53,993.3
2022-05-18,"1,277.20",188.28,986.67
2022-05-19,"1,269.30",187.94,988.98
2022-05-20,"1,274.60",188.13,997.61
2022-05-23,"1,269.50",188.93,992.69
2022-05-24,"1,267.70",189.66,991.79
2022-05-25,"1,264.30",189.48,996.57
2022-05-26,"1,263.30",189.29,992.97
2022-05-27,"1,266.40",187.88,996.5
2022-05-30,"1,256.90",185.74,988.01
2022-05-31,"1,245.80",186.4,975.61
2022-06-02,"1,238.40",185.3,951.41
2022-06-03,"1,251.20",186.69,963.31
2022-06-07,"1,241.10",187.04,940.19
2022-06-08,"1,257.10",188.4,947
2022-06-09,"1,255.40",188.1,934.18
2022-06-10,"1,257.60",188.02,935.4
2022-06-13,"1,266.00",189,939.97
2022-06-14,"1,286.00",190.6,957.88
2022-06-15,"1,289.70",190.96,953.32
2022-06-16,"1,291.30",191.98,963.12
2022-06-17,"1,284.10",191.62,968.73
2022-06-20,"1,287.50",192.12,952.4
2022-06-21,"1,291.70",193.18,955.93
2022-06-22,"1,290.60",193.11,945.63
2022-06-23,"1,295.70",192.99,951.78
2022-06-24,"1,300.70",193.77,964.66
2022-06-27,"1,299.40",193.97,961.27
2022-06-28,"1,285.60",192.07,949.87
2022-06-29,"1,284.90",191.92,944.26
2022-06-30,"1,292.90",192.75,946.45
2022-07-01,"1,299.80",193.89,957.18
2022-07-04,"1,294.20",193.06,957.14
2022-07-05,"1,297.90",193.79,955.43
2022-07-06,"1,298.00",194.16,957.05
2022-07-07,"1,307.40",194.76,960.93
2022-07-08,"1,302.70",194.25,958.11
2022-07-11,"1,299.30",193.94,954
2022-07-12,"1,300.60",194.05,947.1
2022-07-13,"1,312.90",194.86,959.06
2022-07-14,"1,305.90",193.79,949.99
2022-07-15,"1,310.00",194.44,942.24
2022-07-18,"1,323.70",195.56,956.19
2022-07-19,"1,317.80",194.78,953.51
2022-07-20,"1,314.90",194.82,951.34
2022-07-21,"1,308.60",193.88,946.14
2022-07-22,"1,312.10",194.01,956.17
2022-07-25,"1,311.70",193.74,962.26
2022-07-26,"1,311.00",193.71,960.47
2022-07-27,"1,310.00",193.84,957.15
2022-07-28,"1,312.80",194.14,962.57
2022-07-29,"1,304.00",193.35,970.53
2022-08-01,"1,298.60",192.37,973.43
2022-08-02,"1,306.40",193.14,993.08
2022-08-03,"1,307.20",192.67,981.57
2022-08-04,"1,310.50",193.71,977.66
2022-08-05,"1,309.70",193.83,986.22
2022-08-08,"1,299.30",192.2,961.91
2022-08-09,"1,304.80",192.73,967.06
2022-08-10,"1,305.10",193.09,965.77
2022-08-11,"1,309.10",193.55,985.29
2022-08-12,"1,302.50",193.28,979.21
2022-08-16,"1,303.10",193.31,979.22
2022-08-17,"1,309.60",192.58,975.46
2022-08-18,"1,309.80",192.92,969.32
2022-08-19,"1,317.30",193.81,969.71
2022-08-22,"1,326.70",194.51,968.75
2022-08-23,"1,338.20",195.57,973.34
2022-08-24,"1,341.80",195.32,981.82
2022-08-25,"1,341.40",195.27,978.09
2022-08-26,"1,336.90",194.73,978.95
2022-08-29,"1,332.50",194.2,965.89
2022-08-30,"1,347.70",194.85,971.35
2022-08-31,"1,347.50",194.84,970.65
2022-09-01,"1,345.10",194.61,966.34
2022-09-02,"1,351.40",195.37,964.29
2022-09-05,"1,356.50",196.35,966.34
2022-09-06,"1,369.70",197.45,974.98
2022-09-07,"1,370.30",197.52,956.05
2022-09-08,"1,385.30",198.52,961.25
2022-09-13,"1,381.20",198.27,968.07
2022-09-14,"1,374.80",198.66,948.69
2022-09-15,"1,391.70",199.62,973.25
2022-09-16,"1,394.20",199.92,972.58
2022-09-19,"1,394.20",198.85,975.54
2022-09-20,"1,390.10",198.32,969.83
2022-09-21,"1,389.10",198.08,967.17
2022-09-22,"1,393.60",197.8,965.8
2022-09-23,"1,408.00",198.45,989.15
2022-09-26,"1,408.40",198.4,981.53
2022-09-27,"1,429.70",199.66,988.8
2022-09-28,"1,427.20",199.31,985.43
2022-09-29,"1,436.50",199.06,995.67
2022-09-30,"1,434.80",199.66,993.25
2022-10-04,"1,432.10",201.26,991.38
2022-10-05,"1,431.20",201.79,993.58
2022-10-06,"1,419.10",201.52,982.08
2022-10-07,"1,404.20",199.4,968.58
2022-10-11,"1,410.30",198.64,968.31
2022-10-12,"1,433.50",199.66,982.96
2022-10-13,"1,430.40",199.23,974.88
2022-10-14,"1,427.00",198.74,968.87
2022-10-17,"1,428.90",198.79,961.67
2022-10-18,"1,436.60",199.25,964.1
2022-10-19,"1,425.60",198.12,955.82
2022-10-20,"1,420.60",196.21,948.11
2022-10-21,"1,431.70",197.35,953.42
2022-10-24,"1,436.60",197.77,962.03
2022-10-25,"1,436.60",197.86,965.39
2022-10-26,"1,436.50",195.58,969.92
2022-10-27,"1,428.20",195.17,975.58
2022-10-28,"1,418.10",196.77,969.91
2022-10-31,"1,419.30",195.94,961.19
2022-11-01,"1,422.20",195.2,956.97
2022-11-02,"1,421.70",193.88,960.9
2022-11-03,"1,418.00",194.53,958.33
2022-11-04,"1,422.10",193.88,959.39
2022-11-07,"1,422.40",194.89,967.85
2022-11-08,"1,406.50",194.62,959.12
2022-11-09,"1,387.30",191.37,952.75
2022-11-10,"1,368.30",188.42,934.22
2022-11-11,"1,370.10",188.87,966.39
2022-11-14,"1,334.10",186.43,954.74
2022-11-15,"1,320.30",187.67,942.84
2022-11-16,"1,322.40",187.62,950.31
2022-11-17,"1,325.60",187.62,950.8
2022-11-18,"1,338.40",187.99,954.3
2022-11-21,"1,340.00",187.49,955.2
2022-11-22,"1,352.30",189.06,951.96
2022-11-23,"1,355.70",189.19,960.37
2022-11-24,"1,352.30",189.11,969.63
2022-11-25,"1,333.20",186.88,961.18
2022-11-28,"1,326.80",184.92,952.31
2022-11-29,"1,339.00",185.43,964.18
2022-11-30,"1,331.50",184.64,959.54
2022-12-01,"1,320.10",184.62,957.74
2022-12-02,"1,300.80",184.52,961.74
2022-12-05,"1,300.40",184.3,966.59
2022-12-06,"1,293.20",185.82,945.63
2022-12-07,"1,309.00",187.81,955.93
2022-12-08,"1,319.50",189.02,967.13
2022-12-09,"1,320.40",189.55,966.3
2022-12-12,"1,306.60",188.07,955.75
2022-12-13,"1,310.00",187.67,952.35
2022-12-14,"1,304.40",187.12,963.05
2022-12-15,"1,296.00",186.12,956.74
2022-12-16,"1,301.00",186.99,944.43
2022-12-19,"1,310.10",187.57,961.58
2022-12-20,"1,302.00",186.4,950.89
2022-12-21,"1,298.00",186.32,983.74
2022-12-22,"1,286.60",184.6,972.45
2022-12-23,"1,276.10",182.86,963.68
2022-12-26,"1,282.20",183.22,965.4
2022-12-27,"1,276.40",182.61,961.04
2022-12-28,"1,268.30",181.75,950.18
2022-12-29,"1,268.40",181.98,945.19
2022-12-30,"1,267.30",181.44,953.18
2023-01-02,"1,267.30",181.44,968.55
2023-01-03,"1,268.90",183.2,971.93
2023-01-04,"1,272.10",184.01,970.77
2023-01-05,"1,274.70",184.68,962.62
2023-01-06,"1,270.30",184.48,952.14
2023-01-09,"1,267.20",184.56,958.55
2023-01-10,"1,246.80",183.24,945.94
2023-01-11,"1,240.80",182.9,938.72
2023-01-12,"1,245.30",183.81,942.09
2023-01-13,"1,244.60",183.83,962.46
2023-01-16,"1,240.60",184.45,969.86
2023-01-17,"1,234.00",183.87,961.92
2023-01-18,"1,238.50",182.95,965.69
2023-01-19,"1,239.80",182.74,962.99
2023-01-20,"1,236.00",182.41,962.35
2023-01-25,"1,234.40",182.3,948.92
2023-01-26,"1,233.40",181.94,953.21
2023-01-27,"1,231.40",182,946.68
2023-01-30,"1,230.20",182.33,947.51
2023-01-31,"1,228.70",182.09,942.22
2023-02-01,"1,230.80",182.09,946.15
2023-02-02,"1,231.40",182.34,957.06
2023-02-03,"1,219.30",181.49,947.47
2023-02-06,"1,227.20",181.99,931.18
2023-02-07,"1,247.50",183.46,940.34
2023-02-08,"1,256.00",184.89,957.94
2023-02-09,"1,257.10",185.19,957.32
2023-02-10,"1,263.10",185.86,960.79
2023-02-13,"1,264.30",185.92,961.48
2023-02-14,"1,274.60",186.58,962.43
2023-02-15,"1,269.90",186.21,954.06
2023-02-16,"1,279.30",186.77,955.27
2023-02-17,"1,283.70",187,957.16
2023-02-20,"1,297.70",188.73,966.34
2023-02-21,"1,295.80",188.49,965.07
2023-02-22,"1,295.80",188.64,960.07
2023-02-23,"1,303.80",188.95,966.67
2023-02-24,"1,299.60",188.26,965.78
2023-02-27,"1,300.50",187.76,953.69
2023-02-28,"1,317.40",188.79,967.36
2023-03-02,"1,319.20",189.4,969.39
2023-03-03,"1,310.40",190.13,958.49
2023-03-06,"1,304.80",188.84,960.22
2023-03-07,"1,296.70",187.52,954.19
2023-03-08,"1,299.10",187.04,946.87
2023-03-09,"1,319.50",188.86,961.66
2023-03-10,"1,319.70",189.22,969.26
2023-03-13,"1,325.70",190.19,988.26
2023-03-14,"1,307.30",189.36,980.9
2023-03-15,"1,304.90",189.99,971.81
2023-03-16,"1,302.00",189.03,977.73
2023-03-17,"1,312.10",190.1,983.4
2023-03-20,"1,303.60",189.26,987.09
2023-03-21,"1,308.40",189.84,996
2023-03-22,"1,307.80",190.05,988.62
2023-03-23,"1,307.10",189.92,994.94
2023-03-24,"1,287.20",187.39,984.21
2023-03-27,"1,289.70",188.68,986.27
2023-03-28,"1,300.30",188.91,989.54
2023-03-29,"1,297.40",188.61,991.4
2023-03-30,"1,299.30",188.77,979.09
2023-03-31,"1,303.80",189.13,981.44
2023-04-03,"1,295.40",188.37,972.71
2023-04-04,"1,316.30",191.33,995.27
2023-04-05,"1,310.30",190.12,995.03
2023-04-06,"1,311.90",190.99,"1,001.34"
2023-04-07,"1,318.70",191.5,999.77
2023-04-10,"1,318.90",191.61,999.36
2023-04-11,"1,320.00",191.72,988.28
2023-04-12,"1,319.50",191.43,987.32
2023-04-13,"1,324.20",192.11,995.34
2023-04-14,"1,318.00",191.5,994.15
2023-04-17,"1,299.30",189.58,970.1
2023-04-18,"1,311.30",190.61,975.27
2023-04-19,"1,318.80",191.67,984.07
2023-04-20,"1,318.80",191.52,978.66
2023-04-21,"1,327.60",192.55,989.6
2023-04-24,"1,327.90",192.89,990.86
2023-04-25,"1,332.70",193.01,993.7
2023-04-26,"1,333.30",193.29,997.42
2023-04-27,"1,337.30",192.87,"1,001.61"
2023-04-28,"1,339.90",193.37,"1,000.63"
2023-05-02,"1,339.10",193.44,974
2023-05-03,"1,340.20",192.72,982.34
2023-05-04,"1,339.10",193.3,995.21
2023-05-08,"1,325.60",191.7,980.87
2023-05-09,"1,322.70",191.14,979.52
2023-05-10,"1,323.00",191.05,978.22
2023-05-11,"1,324.20",191.08,987.36
2023-05-12,"1,320.30",190.44,981.85
2023-05-15,"1,333.60",191.86,982.21
2023-05-16,"1,337.80",192.01,983.57
2023-05-17,"1,336.00",191.72,979.29
2023-05-18,"1,339.40",191.29,973.44
2023-05-19,"1,332.70",189.72,962
2023-05-22,"1,331.20",188.66,967.34
2023-05-23,"1,319.10",187.69,951.9
2023-05-24,"1,311.40",185.76,946.59
2023-05-25,"1,317.50",186.32,946.31
2023-05-26,"1,323.40",186.93,945.72
2023-05-30,"1,325.60",187.25,943.72
2023-05-31,"1,322.20",186.31,945.98
2023-06-01,"1,321.60",185.92,950.01
2023-06-02,"1,320.70",185.58,951.75
2023-06-05,"1,308.80",184.32,934.02
2023-06-07,"1,308.30",183.99,937.28
2023-06-08,"1,300.50",182.46,928.63
2023-06-09,"1,306.10",182.72,940.69
2023-06-12,"1,294.90",181.78,928.81
2023-06-13,"1,291.10",180.59,925.75
2023-06-14,"1,277.50",178.19,911.49
2023-06-15,"1,275.90",177.98,911
2023-06-16,"1,280.10",178.67,913.48
2023-06-19,"1,273.50",178.66,897.49
2023-06-20,"1,280.70",179.46,902.31
2023-06-21,"1,282.20",178.29,907.46
2023-06-22,"1,291.50",179.54,911.5
2023-06-23,"1,291.40",179.71,902.67
2023-06-26,"1,302.20",180.57,907.01
2023-06-27,"1,303.80",180.66,909.11
2023-06-28,"1,303.10",180.45,905.34
2023-06-29,"1,304.30",180.28,903.35
2023-06-30,"1,312.80",181.05,906.97
2023-07-03,"1,319.40",181.77,913.87
2023-07-04,"1,310.00",180.88,905.57
2023-07-05,"1,301.70",179.53,900.92
2023-07-06,"1,300.80",179.87,900.05
2023-07-07,"1,303.80",179.44,905.51
2023-07-10,"1,307.30",180.29,919.11
2023-07-11,"1,303.80",180.16,922.82
2023-07-12,"1,295.00",179.26,923.25
2023-07-13,"1,291.40",179.43,932.92
2023-07-14,"1,276.20",177.82,925.22
2023-07-17,"1,265.80",177.15,911.99
2023-07-18,"1,266.10",176.69,912.87
2023-07-19,"1,261.60",175.66,908.31
2023-07-20,"1,265.40",175.55,906.03
2023-07-21,"1,265.80",175.97,904.37
2023-07-24,"1,281.70",178.55,904.61
2023-07-25,"1,283.80",178.3,907.12
2023-07-26,"1,280.70",178.87,908.78
2023-07-27,"1,278.70",178.64,910.59
2023-07-28,"1,273.40",178.33,914.4
2023-07-31,"1,280.00",178.49,908.28
2023-08-01,"1,273.80",178.29,895.18
2023-08-02,"1,280.70",178.63,896
2023-08-03,"1,293.00",179.95,902.78
2023-08-04,"1,298.80",180.47,911.02
2023-08-07,"1,303.90",181.53,919.05
2023-08-08,"1,304.10",181.16,915.58
2023-08-09,"1,312.60",181.9,916.08
2023-08-10,"1,318.30",182.64,917.49
2023-08-11,"1,317.30",182.32,909.77
2023-08-14,"1,321.10",182.59,911.7
2023-08-16,"1,331.30",183.28,914.26
2023-08-17,"1,338.30",182.83,914.8
2023-08-18,"1,341.60",182.8,920.76
2023-08-21,"1,336.90",183.27,919.75
2023-08-22,"1,341.50",183.13,917.48
2023-08-23,"1,338.70",183.37,918.05
2023-08-24,"1,338.00",183.29,924.38
2023-08-25,"1,324.00",181.54,906.88
2023-08-28,"1,326.60",182.1,905
2023-08-29,"1,322.50",181.65,903.13
2023-08-30,"1,322.00",181.34,906.69
2023-08-31,"1,321.40",181.09,905.07
2023-09-01,"1,322.30",181.35,908.64
2023-09-04,"1,319.20",181.77,902.94
2023-09-05,"1,319.30",181.37,900.45
2023-09-06,"1,324.30",181.65,897.86
2023-09-07,"1,332.60",182.04,902.63
2023-09-08,"1,334.70",182.02,906.2
2023-09-11,"1,333.40",181.35,905.75
2023-09-12,"1,332.40",181.82,909.08
2023-09-13,"1,326.10",181.46,901.59
2023-09-14,"1,327.80",181.9,901.18
2023-09-15,"1,326.10",182.26,899.08
2023-09-18,"1,327.60",182.58,897.91
2023-09-19,"1,326.00",182.06,898.34
2023-09-20,"1,323.70",181.28,896.18
2023-09-21,"1,329.30",181.86,896.45
2023-09-22,"1,339.10",183.35,907.34
2023-09-25,"1,337.60",183.16,901.32
2023-09-26,"1,333.70",182.63,896.21
2023-09-27,"1,344.80",184.27,902.22
2023-10-04,"1,351.30",184.68,906.27
2023-10-05,"1,360.60",185.76,913.37
2023-10-06,"1,349.40",184.31,909.08
2023-10-10,"1,348.30",184.44,908.25
2023-10-11,"1,348.30",185,907.55
2023-10-12,"1,339.60",183.68,898.97
2023-10-13,"1,339.90",183.63,894.73
2023-10-16,"1,349.40",184.7,901.98
2023-10-17,"1,353.80",185.25,905.1
2023-10-18,"1,351.90",184.75,902.56
2023-10-19,"1,351.70",184.76,901.95
2023-10-20,"1,357.60",185.41,906.18
2023-10-23,"1,355.10",184.76,904.15
2023-10-24,"1,353.20",184.48,903.97
2023-10-25,"1,343.90",183.94,896.74
2023-10-26,"1,347.00",184.18,896.98
2023-10-27,"1,357.10",185.18,902.42
2023-10-30,"1,352.30",184.42,903.43
2023-10-31,"1,352.80",184.51,907.04
2023-11-01,"1,349.60",184.29,892.39
2023-11-02,"1,356.90",185.02,900.64
2023-11-03,"1,343.20",183.2,892.67
2023-11-06,"1,325.80",180.49,887.27
2023-11-07,"1,303.20",178.58,868.8
2023-11-08,"1,306.10",179.41,868.62
2023-11-09,"1,305.50",179.22,865.23
2023-11-10,"1,309.00",179.36,864.94
2023-11-13,"1,316.70",180.3,869.22
2023-11-14,"1,322.70",181.2,872.12
2023-11-15,"1,325.30",181.68,881.07
2023-11-16,"1,302.00",179.41,860.66
2023-11-17,"1,303.90",179.49,865.29
2023-11-20,"1,294.40",178.38,864.58
2023-11-21,"1,292.40",179.57,871.89
2023-11-22,"1,287.70",180.22,869.57
2023-11-23,"1,295.70",181.31,866.54
2023-11-24,"1,298.70",181.61,868.26
2023-11-27,"1,302.10",182.04,870.82
2023-11-28,"1,304.70",182.54,878.08
2023-11-29,"1,294.00",180.74,878.27
2023-11-30,"1,289.00",180.91,877.29
2023-12-01,"1,290.40",180.7,871.21
2023-12-04,"1,303.20",182.29,890.41
2023-12-05,"1,301.80",182.48,884.53
2023-12-06,"1,311.70",183.6,891.55
2023-12-07,"1,312.40",183.16,891.36
2023-12-08,"1,322.70",184.27,919.15
2023-12-11,"1,307.90",182.55,903.09
2023-12-12,"1,318.30",183.31,901.93
2023-12-13,"1,315.70",183.08,904.76
2023-12-14,"1,316.50",183,923.76
2023-12-15,"1,295.60",181.5,912.04
2023-12-18,"1,294.70",181.72,909.93
2023-12-19,"1,298.70",181.93,909.42
2023-12-20,"1,304.70",182.56,906.89
2023-12-21,"1,300.20",182.1,906.35
2023-12-22,"1,303.80",182.39,917.59
2023-12-26,"1,300.70",181.85,914.63
2023-12-27,"1,296.80",181.45,911.15
2023-12-28,"1,294.40",181.04,914.16
2023-12-29,"1,289.40",180.84,912.66
